conversation_id,created_at,author_id,text,id,edit_history_tweet_ids,author_name,original_text
1641557478247747586,2023-03-31T11:25:03.000Z,1328537643660046339,"@Jam79922967 馬英九這番言論表明他是認可中共疫情期間所實施的一系列措施的。  可見，如果他當政，也會實施中共的封城，疫苗，核酸檢測政策。
台灣人民要長個心眼啊！",1641763531325599744,['1641763531325599744'],MineUniverse08,"@Jam79922967 馬英九這番言論表明他是認可中共疫情期間所實施的一系列措施的。  可見，如果他當政，也會實施中共的封城，疫苗，核酸檢測政策。
台灣人民要長個心眼啊！"
1641762165203042304,2023-03-31T11:19:37.000Z,761667544717504512,"RT @initiumnews: 「徐秋依然覺得它是中國最好、最適合生活的城市。但她也意識到，上海再好也只是『泰坦尼克號的頭等艙』。」

當四月之聲再次響起時，上海早已沒了去年封城時的種種慘狀，如今整個城市在甦醒，疫情的痕跡也被抹除地乾乾淨淨。https://t.co/qgu7…",1641762165203042304,['1641762165203042304'],SijieDu," 「徐秋依然覺得它是中國最好、最適合生活的城市。但她也意識到，上海再好也只是『泰坦尼克號的頭等艙』。」

當四月之聲再次響起時，上海早已沒了去年封城時的種種慘狀，如今整個城市在甦醒，疫情的痕跡也被抹除地乾乾淨淨。https://t.co/qgu7…"
1641260095563497472,2023-03-31T10:59:02.000Z,1537072534515900416,@lidangzzz 三年疫情对上海，北京等发达大城市影响比较大之外，对中小城市基本没有什么影响，反正我这三年来除了刚开放得了一个新冠感冒，其他的和平常没什么区别。抢菜的没见过，封城影响也不是很大，和平常没什么区别，只能说实事求是吧,1641756986281959424,['1641756986281959424'],gfhhgbjjuh,@lidangzzz 三年疫情对上海，北京等发达大城市影响比较大之外，对中小城市基本没有什么影响，反正我这三年来除了刚开放得了一个新冠感冒，其他的和平常没什么区别。抢菜的没见过，封城影响也不是很大，和平常没什么区别，只能说实事求是吧
1641482997764374528,2023-03-31T07:34:50.000Z,1648010748,@RFA_Chinese 这个事情要分不同阶段来看，初期地方政府刻意隐瞒疫情，这当然是该谁背锅谁背锅，没的说。后来武汉果断封城，这当然是对人类的巨大贡献了，如果像美国那样自由自在，继续传播开去那还了得？至于武汉封城期间的一些人道主义灾难，那是操作层面没做好，不能怪决策。,1641705598755672064,['1641705598755672064'],paololee4,@RFA_Chinese 这个事情要分不同阶段来看，初期地方政府刻意隐瞒疫情，这当然是该谁背锅谁背锅，没的说。后来武汉果断封城，这当然是对人类的巨大贡献了，如果像美国那样自由自在，继续传播开去那还了得？至于武汉封城期间的一些人道主义灾难，那是操作层面没做好，不能怪决策。
1641695651204571137,2023-03-31T06:55:19.000Z,356739178,"RT @dajiyuan: 加拿大COVID-19疫情期间，各种封城限制措施，或尽显荒唐，或极其不人道。2021年3月，疫情有所缓解，安省中小学开始部分开放后，家长们开始陆续反映一个荒唐又不人道的防疫措施。 

 https://t.co/7Nipz9pUdS",1641695651204571137,['1641695651204571137'],AaroCN," 加拿大COVID-19疫情期间，各种封城限制措施，或尽显荒唐，或极其不人道。2021年3月，疫情有所缓解，安省中小学开始部分开放后，家长们开始陆续反映一个荒唐又不人道的防疫措施。 

 https://t.co/7Nipz9pUdS"
1641276194778693632,2023-03-31T06:51:14.000Z,2876961888,@LEE64759634 @dw_chinese 我尊重您的選擇。這兩者各有優缺點，只要你覺得對你有利，在生活上有足夠的「自由」，都是可以去做選擇的。我會論述「民族罪人」這件事，是我認為，他們應該要放在「中國政府」上，中國人民飽受疫情和生活的影響，導致許多人被封城，影響了人民生活與經濟，他們不願為中國發聲，而論述。,1641694623205855232,['1641694623205855232'],cjcadmike,@LEE64759634 @dw_chinese 我尊重您的選擇。這兩者各有優缺點，只要你覺得對你有利，在生活上有足夠的「自由」，都是可以去做選擇的。我會論述「民族罪人」這件事，是我認為，他們應該要放在「中國政府」上，中國人民飽受疫情和生活的影響，導致許多人被封城，影響了人民生活與經濟，他們不願為中國發聲，而論述。
1641681255820410883,2023-03-31T05:58:07.000Z,1220798822760296448,"RT @dajiyuan: 加拿大COVID-19疫情期间，各种封城限制措施，或尽显荒唐，或极其不人道。2021年3月，疫情有所缓解，安省中小学开始部分开放后，家长们开始陆续反映一个荒唐又不人道的防疫措施。 

 https://t.co/7Nipz9pUdS",1641681255820410883,['1641681255820410883'],Evveevveevveve," 加拿大COVID-19疫情期间，各种封城限制措施，或尽显荒唐，或极其不人道。2021年3月，疫情有所缓解，安省中小学开始部分开放后，家长们开始陆续反映一个荒唐又不人道的防疫措施。 

 https://t.co/7Nipz9pUdS"
1641680107201867779,2023-03-31T05:53:33.000Z,1465387982723203082,"RT @dajiyuan: 加拿大COVID-19疫情期间，各种封城限制措施，或尽显荒唐，或极其不人道。2021年3月，疫情有所缓解，安省中小学开始部分开放后，家长们开始陆续反映一个荒唐又不人道的防疫措施。 

 https://t.co/7Nipz9pUdS",1641680107201867779,['1641680107201867779'],pengpeiao1," 加拿大COVID-19疫情期间，各种封城限制措施，或尽显荒唐，或极其不人道。2021年3月，疫情有所缓解，安省中小学开始部分开放后，家长们开始陆续反映一个荒唐又不人道的防疫措施。 

 https://t.co/7Nipz9pUdS"
1641671880246726656,2023-03-31T05:20:51.000Z,1307890795144310784,"RT @dajiyuan: 加拿大COVID-19疫情期间，各种封城限制措施，或尽显荒唐，或极其不人道。2021年3月，疫情有所缓解，安省中小学开始部分开放后，家长们开始陆续反映一个荒唐又不人道的防疫措施。 

 https://t.co/7Nipz9pUdS",1641671880246726656,['1641671880246726656'],3Vw7f3MKTuvN0hZ," 加拿大COVID-19疫情期间，各种封城限制措施，或尽显荒唐，或极其不人道。2021年3月，疫情有所缓解，安省中小学开始部分开放后，家长们开始陆续反映一个荒唐又不人道的防疫措施。 

 https://t.co/7Nipz9pUdS"
1641657764941557760,2023-03-31T04:24:46.000Z,1637496038381735937,"RT @initiumnews: 【2500萬人生活擱置兩個月，上海封城是如何發生的？】https://t.co/u6DMaAYPEb 

2022年3月28日，上海封城。火車站機場大幅減少班次、物流癱瘓。2500萬人的生活懸置兩個月。如今，昔日的割斷人類生活的封鎖線和藍色圍板…",1641657764941557760,['1641657764941557760'],Maretta2008," 【2500萬人生活擱置兩個月，上海封城是如何發生的？】https://t.co/u6DMaAYPEb 

2022年3月28日，上海封城。火車站機場大幅減少班次、物流癱瘓。2500萬人的生活懸置兩個月。如今，昔日的割斷人類生活的封鎖線和藍色圍板…"
1641654215071203328,2023-03-31T04:10:39.000Z,1217841519174004736,"RT @5xyxh: 天上人间3号：小丑角色互换
武汉封城前，钟南山是钟南山，胡锡进是胡锡进，随着疫情一步步扩大蔓延，钟南山越来越像胡锡进，胡锡进越来越像钟南山，世界很精彩，我想继续看。 https://t.co/fA6TP70DCg",1641654215071203328,['1641654215071203328'],sunrisefromhere," 天上人间3号：小丑角色互换
武汉封城前，钟南山是钟南山，胡锡进是胡锡进，随着疫情一步步扩大蔓延，钟南山越来越像胡锡进，胡锡进越来越像钟南山，世界很精彩，我想继续看。 https://t.co/fA6TP70DCg"
1641649060234010624,2023-03-31T03:50:10.000Z,1167746051396104194,"RT @dajiyuan: 加拿大COVID-19疫情期间，各种封城限制措施，或尽显荒唐，或极其不人道。2021年3月，疫情有所缓解，安省中小学开始部分开放后，家长们开始陆续反映一个荒唐又不人道的防疫措施。 

 https://t.co/7Nipz9pUdS",1641649060234010624,['1641649060234010624'],TomLi47965683," 加拿大COVID-19疫情期间，各种封城限制措施，或尽显荒唐，或极其不人道。2021年3月，疫情有所缓解，安省中小学开始部分开放后，家长们开始陆续反映一个荒唐又不人道的防疫措施。 

 https://t.co/7Nipz9pUdS"
1641644006416195588,2023-03-31T03:30:06.000Z,56572394,"加拿大COVID-19疫情期间，各种封城限制措施，或尽显荒唐，或极其不人道。2021年3月，疫情有所缓解，安省中小学开始部分开放后，家长们开始陆续反映一个荒唐又不人道的防疫措施。 

 https://t.co/7Nipz9pUdS",1641644006416195588,['1641644006416195588'],dajiyuan,"加拿大COVID-19疫情期间，各种封城限制措施，或尽显荒唐，或极其不人道。2021年3月，疫情有所缓解，安省中小学开始部分开放后，家长们开始陆续反映一个荒唐又不人道的防疫措施。 

 https://t.co/7Nipz9pUdS"
1641618186922602499,2023-03-31T01:47:30.000Z,1519501098523971585,"RT @initiumnews: 【2500萬人生活擱置兩個月，上海封城是如何發生的？】https://t.co/u6DMaAYPEb 

2022年3月28日，上海封城。火車站機場大幅減少班次、物流癱瘓。2500萬人的生活懸置兩個月。如今，昔日的割斷人類生活的封鎖線和藍色圍板…",1641618186922602499,['1641618186922602499'],AlexLi63636557," 【2500萬人生活擱置兩個月，上海封城是如何發生的？】https://t.co/u6DMaAYPEb 

2022年3月28日，上海封城。火車站機場大幅減少班次、物流癱瘓。2500萬人的生活懸置兩個月。如今，昔日的割斷人類生活的封鎖線和藍色圍板…"
1641611565387612160,2023-03-31T01:21:11.000Z,7312502,"RT @initiumnews: 「徐秋依然覺得它是中國最好、最適合生活的城市。但她也意識到，上海再好也只是『泰坦尼克號的頭等艙』。」

當四月之聲再次響起時，上海早已沒了去年封城時的種種慘狀，如今整個城市在甦醒，疫情的痕跡也被抹除地乾乾淨淨。https://t.co/qgu7…",1641611565387612160,['1641611565387612160'],hello_stanley," 「徐秋依然覺得它是中國最好、最適合生活的城市。但她也意識到，上海再好也只是『泰坦尼克號的頭等艙』。」

當四月之聲再次響起時，上海早已沒了去年封城時的種種慘狀，如今整個城市在甦醒，疫情的痕跡也被抹除地乾乾淨淨。https://t.co/qgu7…"
1641610017425211393,2023-03-31T01:15:02.000Z,702655566200504320,"RT @initiumnews: 【2500萬人生活擱置兩個月，上海封城是如何發生的？】https://t.co/u6DMaAYPEb 

2022年3月28日，上海封城。火車站機場大幅減少班次、物流癱瘓。2500萬人的生活懸置兩個月。如今，昔日的割斷人類生活的封鎖線和藍色圍板…",1641610017425211393,['1641610017425211393'],kciv1024," 【2500萬人生活擱置兩個月，上海封城是如何發生的？】https://t.co/u6DMaAYPEb 

2022年3月28日，上海封城。火車站機場大幅減少班次、物流癱瘓。2500萬人的生活懸置兩個月。如今，昔日的割斷人類生活的封鎖線和藍色圍板…"
1641369037996441601,2023-03-31T00:43:11.000Z,1093398623923007490,@Fmds__ @RFA_Chinese 没有隐瞒疫情，根本不需要封城。其他国家不会隐瞒疫情。更不会在武汉封城后依然开放国际航班，刻意造成病毒传播。也不会对采取防范措施的国家，如澳大利亚美国加以攻击，误导国际社会。更不会迄今隐瞒原始数据，拒绝和WHO国际社会合作调查起源。所有资料，时间线都可以搜索复原，罔顾事实欲盖弥彰。,1641602003154653184,['1641602003154653184'],Bravo74624407,@Fmds__ @RFA_Chinese 没有隐瞒疫情，根本不需要封城。其他国家不会隐瞒疫情。更不会在武汉封城后依然开放国际航班，刻意造成病毒传播。也不会对采取防范措施的国家，如澳大利亚美国加以攻击，误导国际社会。更不会迄今隐瞒原始数据，拒绝和WHO国际社会合作调查起源。所有资料，时间线都可以搜索复原，罔顾事实欲盖弥彰。
1641600870231187457,2023-03-31T00:38:41.000Z,1539454237653889024,"RT @lidangzzz: 对这三年记忆抹去最快的，是底层普通人，连疫情抢菜、封城、偷乐都不记得了——下一秒直接扎进俄亥俄泄漏、汪小菲大S、乌梅子酱等洗脑奶头乐；

其次是中小企业主，三年一过去，立刻贷款开餐厅、做教培、搞电商、投奶茶，接见省市领导，承诺亲商迎商，搞活经济，大…",1641600870231187457,['1641600870231187457'],lisuliang2018," 对这三年记忆抹去最快的，是底层普通人，连疫情抢菜、封城、偷乐都不记得了——下一秒直接扎进俄亥俄泄漏、汪小菲大S、乌梅子酱等洗脑奶头乐；

其次是中小企业主，三年一过去，立刻贷款开餐厅、做教培、搞电商、投奶茶，接见省市领导，承诺亲商迎商，搞活经济，大…"
1641557043730595840,2023-03-30T21:44:32.000Z,987474194744012800,"RT @initiumnews: 【2500萬人生活擱置兩個月，上海封城是如何發生的？】https://t.co/u6DMaAYPEb 

2022年3月28日，上海封城。火車站機場大幅減少班次、物流癱瘓。2500萬人的生活懸置兩個月。如今，昔日的割斷人類生活的封鎖線和藍色圍板…",1641557043730595840,['1641557043730595840'],boccaroteapot," 【2500萬人生活擱置兩個月，上海封城是如何發生的？】https://t.co/u6DMaAYPEb 

2022年3月28日，上海封城。火車站機場大幅減少班次、物流癱瘓。2500萬人的生活懸置兩個月。如今，昔日的割斷人類生活的封鎖線和藍色圍板…"
1641547740051111937,2023-03-30T21:07:34.000Z,1111318191962288129,"RT @initiumnews: 【2500萬人生活擱置兩個月，上海封城是如何發生的？】https://t.co/u6DMaAYPEb 

2022年3月28日，上海封城。火車站機場大幅減少班次、物流癱瘓。2500萬人的生活懸置兩個月。如今，昔日的割斷人類生活的封鎖線和藍色圍板…",1641547740051111937,['1641547740051111937'],fdffd1111," 【2500萬人生活擱置兩個月，上海封城是如何發生的？】https://t.co/u6DMaAYPEb 

2022年3月28日，上海封城。火車站機場大幅減少班次、物流癱瘓。2500萬人的生活懸置兩個月。如今，昔日的割斷人類生活的封鎖線和藍色圍板…"
1641546850321702912,2023-03-30T21:04:02.000Z,1537503425159643136,"RT @lidangzzz: 对这三年记忆抹去最快的，是底层普通人，连疫情抢菜、封城、偷乐都不记得了——下一秒直接扎进俄亥俄泄漏、汪小菲大S、乌梅子酱等洗脑奶头乐；

其次是中小企业主，三年一过去，立刻贷款开餐厅、做教培、搞电商、投奶茶，接见省市领导，承诺亲商迎商，搞活经济，大…",1641546850321702912,['1641546850321702912'],likunxie1," 对这三年记忆抹去最快的，是底层普通人，连疫情抢菜、封城、偷乐都不记得了——下一秒直接扎进俄亥俄泄漏、汪小菲大S、乌梅子酱等洗脑奶头乐；

其次是中小企业主，三年一过去，立刻贷款开餐厅、做教培、搞电商、投奶茶，接见省市领导，承诺亲商迎商，搞活经济，大…"
1641541987978362881,2023-03-30T20:44:42.000Z,1246151954587418628,"RT @Amberle68664577: 中共急于脱钩，4月1日起将自己的学术数据库向外国关门。最近传还将疫情期间的疫苗接种及封城封控数据系统性删除中。为啥呢？怕啥吗？🧐

【进一步 #脱钩？中共国学术数据库为何对外国学者关上大门

中共国最大的 #学术数据库 最近以数据出境新…",1641541987978362881,['1641541987978362881'],E9P34zsUBDe3KJb," 中共急于脱钩，4月1日起将自己的学术数据库向外国关门。最近传还将疫情期间的疫苗接种及封城封控数据系统性删除中。为啥呢？怕啥吗？🧐

【进一步 #脱钩？中共国学术数据库为何对外国学者关上大门

中共国最大的 #学术数据库 最近以数据出境新…"
1641535632572047361,2023-03-30T20:19:27.000Z,1499736887476748296,"RT @initiumnews: 【2500萬人生活擱置兩個月，上海封城是如何發生的？】https://t.co/u6DMaAYPEb 

2022年3月28日，上海封城。火車站機場大幅減少班次、物流癱瘓。2500萬人的生活懸置兩個月。如今，昔日的割斷人類生活的封鎖線和藍色圍板…",1641535632572047361,['1641535632572047361'],ArtistSuper3," 【2500萬人生活擱置兩個月，上海封城是如何發生的？】https://t.co/u6DMaAYPEb 

2022年3月28日，上海封城。火車站機場大幅減少班次、物流癱瘓。2500萬人的生活懸置兩個月。如今，昔日的割斷人類生活的封鎖線和藍色圍板…"
1641204476575883265,2023-03-30T19:42:52.000Z,1466809776189284352,"@monk0620 @weakweek2 新教徒川普可沒有轉東正教或天主教，這個可以求證。加拿大因為抗議疫情封城還有Drag Queen兒童故事會被抓的Josh Alexsander, Pastor Artur Pawlowski, Pastor Derek Reimer, Pastor Tim Stephen等都是新教徒。",1641526423134539777,['1641526423134539777'],LexieBergen,"@monk0620 @weakweek2 新教徒川普可沒有轉東正教或天主教，這個可以求證。加拿大因為抗議疫情封城還有Drag Queen兒童故事會被抓的Josh Alexsander, Pastor Artur Pawlowski, Pastor Derek Reimer, Pastor Tim Stephen等都是新教徒。"
1641507804409212929,2023-03-30T18:28:52.000Z,1336730761186172931,"中共急于脱钩，4月1日起将自己的学术数据库向外国关门。最近传还将疫情期间的疫苗接种及封城封控数据系统性删除中。为啥呢？怕啥吗？🧐

【进一步 #脱钩？中共国学术数据库为何对外国学者关上大门

中共国最大的 #学术数据库 最近以数据出境新……
https://t.co/Y5SYP5urwV 
https://t.co/mgCSWzw8u9",1641507804409212929,['1641507804409212929'],Amberle68664577,"中共急于脱钩，4月1日起将自己的学术数据库向外国关门。最近传还将疫情期间的疫苗接种及封城封控数据系统性删除中。为啥呢？怕啥吗？🧐

【进一步 #脱钩？中共国学术数据库为何对外国学者关上大门

中共国最大的 #学术数据库 最近以数据出境新……
https://t.co/Y5SYP5urwV 
https://t.co/mgCSWzw8u9"
1641498620477456385,2023-03-30T17:52:23.000Z,791676547476303872,馬這個痴呆老人是忘了當年武漢封城之前，1400萬人口的城市逃出了500萬人到全世界，造成疫情大擴散，全人類浩刼3年死亡700萬的事嗎？你馬的真是拍馬屁大王、舔共舔到露馬脚，不愧姓馬的。 https://t.co/OPqCVI6jzC,1641498620477456385,['1641498620477456385'],lovetw_taiwan,馬這個痴呆老人是忘了當年武漢封城之前，1400萬人口的城市逃出了500萬人到全世界，造成疫情大擴散，全人類浩刼3年死亡700萬的事嗎？你馬的真是拍馬屁大王、舔共舔到露馬脚，不愧姓馬的。 https://t.co/OPqCVI6jzC
1641477174187245568,2023-03-30T16:43:40.000Z,975815468270407682,"📄本集曝光的国家卫健委 机密20年文件
《关于编制大城市发生大规模疫情后“封城”运转应急准备指导意见的通知》 https://t.co/lT5QSLD5Tl",1641481327907143681,['1641481327907143681'],89taobing,"📄本集曝光的国家卫健委 机密20年文件
《关于编制大城市发生大规模疫情后“封城”运转应急准备指导意见的通知》 https://t.co/lT5QSLD5Tl"
1641473822737170432,2023-03-30T16:13:51.000Z,1602863020438585345,"RT @epochtimesau: 中國企業倒閉釀失業潮 流落街頭也收費

中共三年疫情期間堅持清零封城，重創中國經濟，不少企業倒閉，各大城市失業人口大幅增加，流落街頭的人越來越多，有的地方甚至傳出被收取「睡橋洞費」。 https://t.co/po81geyKFE",1641473822737170432,['1641473822737170432'],HSabrinle," 中國企業倒閉釀失業潮 流落街頭也收費

中共三年疫情期間堅持清零封城，重創中國經濟，不少企業倒閉，各大城市失業人口大幅增加，流落街頭的人越來越多，有的地方甚至傳出被收取「睡橋洞費」。 https://t.co/po81geyKFE"
1638763913075650560,2023-03-30T15:55:38.000Z,1472807698135584770,@lisibenchuntian 还真不是，去年上海封城的时候朝鲜也出现了疫情破口，但是他们没封，还特意做了宣传册宣传新冠只是流感大家做到戴口罩勤通风就好，我们跟傻逼一样被封两个多月。,1641469238270627841,['1641469238270627841'],Enhance_Yin,@lisibenchuntian 还真不是，去年上海封城的时候朝鲜也出现了疫情破口，但是他们没封，还特意做了宣传册宣传新冠只是流感大家做到戴口罩勤通风就好，我们跟傻逼一样被封两个多月。
1641464725002133508,2023-03-30T15:37:42.000Z,1233601159300079616,"RT @initiumnews: 【2500萬人生活擱置兩個月，上海封城是如何發生的？】https://t.co/u6DMaAYPEb 

2022年3月28日，上海封城。火車站機場大幅減少班次、物流癱瘓。2500萬人的生活懸置兩個月。如今，昔日的割斷人類生活的封鎖線和藍色圍板…",1641464725002133508,['1641464725002133508'],banxia04169556," 【2500萬人生活擱置兩個月，上海封城是如何發生的？】https://t.co/u6DMaAYPEb 

2022年3月28日，上海封城。火車站機場大幅減少班次、物流癱瘓。2500萬人的生活懸置兩個月。如今，昔日的割斷人類生活的封鎖線和藍色圍板…"
1641453274065940485,2023-03-30T14:52:11.000Z,4064434513,"RT @epochtimesau: 中國企業倒閉釀失業潮 流落街頭也收費

中共三年疫情期間堅持清零封城，重創中國經濟，不少企業倒閉，各大城市失業人口大幅增加，流落街頭的人越來越多，有的地方甚至傳出被收取「睡橋洞費」。 https://t.co/po81geyKFE",1641453274065940485,['1641453274065940485'],Allen_lien_," 中國企業倒閉釀失業潮 流落街頭也收費

中共三年疫情期間堅持清零封城，重創中國經濟，不少企業倒閉，各大城市失業人口大幅增加，流落街頭的人越來越多，有的地方甚至傳出被收取「睡橋洞費」。 https://t.co/po81geyKFE"
1641447812750790660,2023-03-30T14:47:09.000Z,1547160546947936256,"@jack123what 21年的事了
那陣子疫情比較嚴重嘛，封城，還有核酸啥的
當時就叫看到了x",1641452005100261379,['1641452005100261379'],61yhgtyf_87,"@jack123what 21年的事了
那陣子疫情比較嚴重嘛，封城，還有核酸啥的
當時就叫看到了x"
1641449669317517315,2023-03-30T14:37:52.000Z,1268202634541797378,#苹果撤离后果很严重 富士康正大规模撤离中国：郑州成都深圳等。富士康是苹果的代工厂：大陆生产出口美国世界为中G创造大量外汇+税收和就业——郭台铭放言：到底谁怕谁？外企撤离中国起始2018年贸易战而疫情封城政策让世界被迫重构产业-供应链……俄乌战争并中美交恶使得订单恐惧转移：经济后果很严重。 https://t.co/N9OghsKBAw,1641449669317517315,['1641449669317517315'],Mikeyehui,#苹果撤离后果很严重 富士康正大规模撤离中国：郑州成都深圳等。富士康是苹果的代工厂：大陆生产出口美国世界为中G创造大量外汇+税收和就业——郭台铭放言：到底谁怕谁？外企撤离中国起始2018年贸易战而疫情封城政策让世界被迫重构产业-供应链……俄乌战争并中美交恶使得订单恐惧转移：经济后果很严重。 https://t.co/N9OghsKBAw
1641445598770647048,2023-03-30T14:21:41.000Z,1598576248094982144,"RT @lidangzzz: 对这三年记忆抹去最快的，是底层普通人，连疫情抢菜、封城、偷乐都不记得了——下一秒直接扎进俄亥俄泄漏、汪小菲大S、乌梅子酱等洗脑奶头乐；

其次是中小企业主，三年一过去，立刻贷款开餐厅、做教培、搞电商、投奶茶，接见省市领导，承诺亲商迎商，搞活经济，大…",1641445598770647048,['1641445598770647048'],gzhuxiokntinch1," 对这三年记忆抹去最快的，是底层普通人，连疫情抢菜、封城、偷乐都不记得了——下一秒直接扎进俄亥俄泄漏、汪小菲大S、乌梅子酱等洗脑奶头乐；

其次是中小企业主，三年一过去，立刻贷款开餐厅、做教培、搞电商、投奶茶，接见省市领导，承诺亲商迎商，搞活经济，大…"
1641424920101130241,2023-03-30T12:59:31.000Z,1581895822429413377,"RT @initiumnews: 【2500萬人生活擱置兩個月，上海封城是如何發生的？】https://t.co/u6DMaAYPEb 

2022年3月28日，上海封城。火車站機場大幅減少班次、物流癱瘓。2500萬人的生活懸置兩個月。如今，昔日的割斷人類生活的封鎖線和藍色圍板…",1641424920101130241,['1641424920101130241'],TG_9527," 【2500萬人生活擱置兩個月，上海封城是如何發生的？】https://t.co/u6DMaAYPEb 

2022年3月28日，上海封城。火車站機場大幅減少班次、物流癱瘓。2500萬人的生活懸置兩個月。如今，昔日的割斷人類生活的封鎖線和藍色圍板…"
1641419819093221377,2023-03-30T12:39:15.000Z,1291340575732531200,"RT @epochtimesau: 中國企業倒閉釀失業潮 流落街頭也收費

中共三年疫情期間堅持清零封城，重創中國經濟，不少企業倒閉，各大城市失業人口大幅增加，流落街頭的人越來越多，有的地方甚至傳出被收取「睡橋洞費」。 https://t.co/po81geyKFE",1641419819093221377,['1641419819093221377'],sCQUYMQ53xLsKyE," 中國企業倒閉釀失業潮 流落街頭也收費

中共三年疫情期間堅持清零封城，重創中國經濟，不少企業倒閉，各大城市失業人口大幅增加，流落街頭的人越來越多，有的地方甚至傳出被收取「睡橋洞費」。 https://t.co/po81geyKFE"
1641369037996441601,2023-03-30T12:19:45.000Z,1544669513823633409,@RFA_Chinese 马英九放你娘的屁！新冠病毒疫情大爆发就是武汉政府放任武汉华南海鲜市场销售、食用野生动物，导致新冠病毒疫情传播，新冠疫情在武汉爆发后，武汉政府不及时封城，导致二百多万人携带病毒逃到世界各地，导致中国和世界新冠病毒大爆发，死亡上千万人。马英九你有良知和正义吗？你只知道一味献媚中国政府,1641414912265035777,['1641414912265035777'],AStyani78,@RFA_Chinese 马英九放你娘的屁！新冠病毒疫情大爆发就是武汉政府放任武汉华南海鲜市场销售、食用野生动物，导致新冠病毒疫情传播，新冠疫情在武汉爆发后，武汉政府不及时封城，导致二百多万人携带病毒逃到世界各地，导致中国和世界新冠病毒大爆发，死亡上千万人。马英九你有良知和正义吗？你只知道一味献媚中国政府
1641412130111995911,2023-03-30T12:08:42.000Z,1398378594699649026,"RT @epochtimesau: 中國企業倒閉釀失業潮 流落街頭也收費

中共三年疫情期間堅持清零封城，重創中國經濟，不少企業倒閉，各大城市失業人口大幅增加，流落街頭的人越來越多，有的地方甚至傳出被收取「睡橋洞費」。 https://t.co/po81geyKFE",1641412130111995911,['1641412130111995911'],trumperhawk," 中國企業倒閉釀失業潮 流落街頭也收費

中共三年疫情期間堅持清零封城，重創中國經濟，不少企業倒閉，各大城市失業人口大幅增加，流落街頭的人越來越多，有的地方甚至傳出被收取「睡橋洞費」。 https://t.co/po81geyKFE"
1641094441057284097,2023-03-30T11:25:11.000Z,1207714872659562496,@heyheyafra @MoYan724 @big_ear_cat 什么想帮助中共解决经济问题，让中国人富起来，自然就会走向民主法治，只是狗逼无耻民主党奴役中国人矿的说辞罢了。8964，香港事件，病毒泄漏，疫情封城，但现在的染指台湾，任何一件都是停止与中共贸易，消灭中共的理由，狗逼民主党却一次次选择绥晋，你告诉我欧美白皮猪没责任？,1641401179346436096,['1641401179346436096'],huzzz15,@heyheyafra @MoYan724 @big_ear_cat 什么想帮助中共解决经济问题，让中国人富起来，自然就会走向民主法治，只是狗逼无耻民主党奴役中国人矿的说辞罢了。8964，香港事件，病毒泄漏，疫情封城，但现在的染指台湾，任何一件都是停止与中共贸易，消灭中共的理由，狗逼民主党却一次次选择绥晋，你告诉我欧美白皮猪没责任？
1641369037996441601,2023-03-30T10:29:34.000Z,1568252819261751296,"@RFA_Chinese 又都是骂他的，我依然觉得他说得挺好。
说的是疫情初期的防控，没有说后续的人道灾难好，也没有说疫情的来源。初期防控某种角度，确实即时。虽然前期隐瞒，但是封城还是比较快的，其他国家恐怕很难做到。
台中现在应该更多的寻找共同点、合作。避免战争的同时保持台湾的独立是最大任务。批评中共不是",1641387183729696778,['1641387183729696778'],Fmds__,"@RFA_Chinese 又都是骂他的，我依然觉得他说得挺好。
说的是疫情初期的防控，没有说后续的人道灾难好，也没有说疫情的来源。初期防控某种角度，确实即时。虽然前期隐瞒，但是封城还是比较快的，其他国家恐怕很难做到。
台中现在应该更多的寻找共同点、合作。避免战争的同时保持台湾的独立是最大任务。批评中共不是"
1641387168105938946,2023-03-30T10:29:31.000Z,1568252819261751296,"又都是骂他的，我依然觉得他说得挺好。
说的是疫情初期的防控，没有说后续的人道灾难好，也没有说疫情的来源。初期防控某种角度，确实即时。虽然前期隐瞒，但是封城还是比较快的，其他国家恐怕很难做到。
台中现在应该更多的寻找共同点、合作。避免战争的同时保持台湾的独立是最大任务。批评中共不是 https://t.co/BiGDSoF8Iu",1641387168105938946,['1641387168105938946'],Fmds__,"又都是骂他的，我依然觉得他说得挺好。
说的是疫情初期的防控，没有说后续的人道灾难好，也没有说疫情的来源。初期防控某种角度，确实即时。虽然前期隐瞒，但是封城还是比较快的，其他国家恐怕很难做到。
台中现在应该更多的寻找共同点、合作。避免战争的同时保持台湾的独立是最大任务。批评中共不是 https://t.co/BiGDSoF8Iu"
1641385123299065863,2023-03-30T10:21:23.000Z,1184026949091393537,"RT @epochtimesau: 中國企業倒閉釀失業潮 流落街頭也收費

中共三年疫情期間堅持清零封城，重創中國經濟，不少企業倒閉，各大城市失業人口大幅增加，流落街頭的人越來越多，有的地方甚至傳出被收取「睡橋洞費」。 https://t.co/po81geyKFE",1641385123299065863,['1641385123299065863'],GEORGEW98904627," 中國企業倒閉釀失業潮 流落街頭也收費

中共三年疫情期間堅持清零封城，重創中國經濟，不少企業倒閉，各大城市失業人口大幅增加，流落街頭的人越來越多，有的地方甚至傳出被收取「睡橋洞費」。 https://t.co/po81geyKFE"
1641384879542915073,2023-03-30T10:20:25.000Z,10002852,"RT @initiumnews: 【2500萬人生活擱置兩個月，上海封城是如何發生的？】https://t.co/u6DMaAYPEb 

2022年3月28日，上海封城。火車站機場大幅減少班次、物流癱瘓。2500萬人的生活懸置兩個月。如今，昔日的割斷人類生活的封鎖線和藍色圍板…",1641384879542915073,['1641384879542915073'],scala," 【2500萬人生活擱置兩個月，上海封城是如何發生的？】https://t.co/u6DMaAYPEb 

2022年3月28日，上海封城。火車站機場大幅減少班次、物流癱瘓。2500萬人的生活懸置兩個月。如今，昔日的割斷人類生活的封鎖線和藍色圍板…"
1641384308433899525,2023-03-30T10:18:09.000Z,877630559668883457,"RT @epochtimesau: 中國企業倒閉釀失業潮 流落街頭也收費

中共三年疫情期間堅持清零封城，重創中國經濟，不少企業倒閉，各大城市失業人口大幅增加，流落街頭的人越來越多，有的地方甚至傳出被收取「睡橋洞費」。 https://t.co/po81geyKFE",1641384308433899525,['1641384308433899525'],Martinma709394," 中國企業倒閉釀失業潮 流落街頭也收費

中共三年疫情期間堅持清零封城，重創中國經濟，不少企業倒閉，各大城市失業人口大幅增加，流落街頭的人越來越多，有的地方甚至傳出被收取「睡橋洞費」。 https://t.co/po81geyKFE"
1641383864764633090,2023-03-30T10:16:23.000Z,1631378318707822592,"RT @realweizhen: 中國企業倒閉釀失業潮 流落街頭也收費

中共三年疫情期間堅持清零封城，重創中國經濟，不少企業倒閉，各大城市失業人口大幅增加，#流落街頭 的人越來越多，有的地方甚至傳出被收取「睡橋洞費」。 https://t.co/AHm9kdl3XO",1641383864764633090,['1641383864764633090'],klihongjian," 中國企業倒閉釀失業潮 流落街頭也收費

中共三年疫情期間堅持清零封城，重創中國經濟，不少企業倒閉，各大城市失業人口大幅增加，#流落街頭 的人越來越多，有的地方甚至傳出被收取「睡橋洞費」。 https://t.co/AHm9kdl3XO"
1641383568739033091,2023-03-30T10:15:12.000Z,1393452017197015041,"RT @lidangzzz: 对这三年记忆抹去最快的，是底层普通人，连疫情抢菜、封城、偷乐都不记得了——下一秒直接扎进俄亥俄泄漏、汪小菲大S、乌梅子酱等洗脑奶头乐；

其次是中小企业主，三年一过去，立刻贷款开餐厅、做教培、搞电商、投奶茶，接见省市领导，承诺亲商迎商，搞活经济，大…",1641383568739033091,['1641383568739033091'],limmming24," 对这三年记忆抹去最快的，是底层普通人，连疫情抢菜、封城、偷乐都不记得了——下一秒直接扎进俄亥俄泄漏、汪小菲大S、乌梅子酱等洗脑奶头乐；

其次是中小企业主，三年一过去，立刻贷款开餐厅、做教培、搞电商、投奶茶，接见省市领导，承诺亲商迎商，搞活经济，大…"
1641383437821943808,2023-03-30T10:14:41.000Z,616758834,RT @panzerwong: 馬英九已經不是親共的問題，而是站在全人類的敵對方了！如果武漢當時疫情防控得好，哪來的李文亮，方斌，百步亭萬家宴？為何封城後，武漢國際機場還要繼續飛國際航班？你這不是刻意放毒是什麼？😡,1641383437821943808,['1641383437821943808'],homeless_slave, 馬英九已經不是親共的問題，而是站在全人類的敵對方了！如果武漢當時疫情防控得好，哪來的李文亮，方斌，百步亭萬家宴？為何封城後，武漢國際機場還要繼續飛國際航班？你這不是刻意放毒是什麼？😡
1641382644528160772,2023-03-30T10:11:32.000Z,19016477,"RT @initiumnews: 【2500萬人生活擱置兩個月，上海封城是如何發生的？】https://t.co/u6DMaAYPEb 

2022年3月28日，上海封城。火車站機場大幅減少班次、物流癱瘓。2500萬人的生活懸置兩個月。如今，昔日的割斷人類生活的封鎖線和藍色圍板…",1641382644528160772,['1641382644528160772'],antoniont1," 【2500萬人生活擱置兩個月，上海封城是如何發生的？】https://t.co/u6DMaAYPEb 

2022年3月28日，上海封城。火車站機場大幅減少班次、物流癱瘓。2500萬人的生活懸置兩個月。如今，昔日的割斷人類生活的封鎖線和藍色圍板…"
1641382257268240389,2023-03-30T10:10:00.000Z,1248538217160167425,"中國企業倒閉釀失業潮 流落街頭也收費

中共三年疫情期間堅持清零封城，重創中國經濟，不少企業倒閉，各大城市失業人口大幅增加，流落街頭的人越來越多，有的地方甚至傳出被收取「睡橋洞費」。 https://t.co/po81geyKFE",1641382257268240389,['1641382257268240389'],epochtimesau,"中國企業倒閉釀失業潮 流落街頭也收費

中共三年疫情期間堅持清零封城，重創中國經濟，不少企業倒閉，各大城市失業人口大幅增加，流落街頭的人越來越多，有的地方甚至傳出被收取「睡橋洞費」。 https://t.co/po81geyKFE"
1641381448031817729,2023-03-30T10:06:47.000Z,1356841750648610818,"中國企業倒閉釀失業潮 流落街頭也收費

中共三年疫情期間堅持清零封城，重創中國經濟，不少企業倒閉，各大城市失業人口大幅增加，#流落街頭 的人越來越多，有的地方甚至傳出被收取「睡橋洞費」。 https://t.co/AHm9kdl3XO",1641381448031817729,['1641381448031817729'],realweizhen,"中國企業倒閉釀失業潮 流落街頭也收費

中共三年疫情期間堅持清零封城，重創中國經濟，不少企業倒閉，各大城市失業人口大幅增加，#流落街頭 的人越來越多，有的地方甚至傳出被收取「睡橋洞費」。 https://t.co/AHm9kdl3XO"
1641377320316567552,2023-03-30T09:50:23.000Z,220592336,馬英九已經不是親共的問題，而是站在全人類的敵對方了！如果武漢當時疫情防控得好，哪來的李文亮，方斌，百步亭萬家宴？為何封城後，武漢國際機場還要繼續飛國際航班？你這不是刻意放毒是什麼？😡 https://t.co/6oyurIUEpa,1641377320316567552,['1641377320316567552'],panzerwong,馬英九已經不是親共的問題，而是站在全人類的敵對方了！如果武漢當時疫情防控得好，哪來的李文亮，方斌，百步亭萬家宴？為何封城後，武漢國際機場還要繼續飛國際航班？你這不是刻意放毒是什麼？😡 https://t.co/6oyurIUEpa
1641374439735721987,2023-03-30T09:38:56.000Z,877367159726501892,"RT @initiumnews: 【2500萬人生活擱置兩個月，上海封城是如何發生的？】https://t.co/u6DMaAYPEb 

2022年3月28日，上海封城。火車站機場大幅減少班次、物流癱瘓。2500萬人的生活懸置兩個月。如今，昔日的割斷人類生活的封鎖線和藍色圍板…",1641374439735721987,['1641374439735721987'],EizoLeaves," 【2500萬人生活擱置兩個月，上海封城是如何發生的？】https://t.co/u6DMaAYPEb 

2022年3月28日，上海封城。火車站機場大幅減少班次、物流癱瘓。2500萬人的生活懸置兩個月。如今，昔日的割斷人類生活的封鎖線和藍色圍板…"
1641368579776937986,2023-03-30T09:15:39.000Z,1077906424661856257,"RT @initiumnews: 【2500萬人生活擱置兩個月，上海封城是如何發生的？】https://t.co/u6DMaAYPEb 

2022年3月28日，上海封城。火車站機場大幅減少班次、物流癱瘓。2500萬人的生活懸置兩個月。如今，昔日的割斷人類生活的封鎖線和藍色圍板…",1641368579776937986,['1641368579776937986'],nf0RvF9qLpjzOpv," 【2500萬人生活擱置兩個月，上海封城是如何發生的？】https://t.co/u6DMaAYPEb 

2022年3月28日，上海封城。火車站機場大幅減少班次、物流癱瘓。2500萬人的生活懸置兩個月。如今，昔日的割斷人類生活的封鎖線和藍色圍板…"
1641365485131538433,2023-03-30T09:03:21.000Z,257844864,"RT @initiumnews: 【2500萬人生活擱置兩個月，上海封城是如何發生的？】https://t.co/u6DMaAYPEb 

2022年3月28日，上海封城。火車站機場大幅減少班次、物流癱瘓。2500萬人的生活懸置兩個月。如今，昔日的割斷人類生活的封鎖線和藍色圍板…",1641365485131538433,['1641365485131538433'],Scswga," 【2500萬人生活擱置兩個月，上海封城是如何發生的？】https://t.co/u6DMaAYPEb 

2022年3月28日，上海封城。火車站機場大幅減少班次、物流癱瘓。2500萬人的生活懸置兩個月。如今，昔日的割斷人類生活的封鎖線和藍色圍板…"
1641268626174152704,2023-03-30T08:59:43.000Z,1224234588538490886,@blacktea8023 @myfxtrader 今年一二月有春节，去年三月各地疫情颜控，上海月底封城。这样无论是同比或者环比，肯定都会出现不小的涨幅,1641364569154256896,['1641364569154256896'],Todorovov,@blacktea8023 @myfxtrader 今年一二月有春节，去年三月各地疫情颜控，上海月底封城。这样无论是同比或者环比，肯定都会出现不小的涨幅
1641318561464590336,2023-03-30T07:22:11.000Z,1629643456636416001,@yilibaiyoujie06 腦殘傻逼馬！全球疫情始於義大利，義大利始於武漢封城，漏網之魚各地逃竄！,1641340027962793987,['1641340027962793987'],orca55188161,@yilibaiyoujie06 腦殘傻逼馬！全球疫情始於義大利，義大利始於武漢封城，漏網之魚各地逃竄！
1641338024939208704,2023-03-30T07:14:14.000Z,1606219198350315520,"RT @lidangzzz: 对这三年记忆抹去最快的，是底层普通人，连疫情抢菜、封城、偷乐都不记得了——下一秒直接扎进俄亥俄泄漏、汪小菲大S、乌梅子酱等洗脑奶头乐；

其次是中小企业主，三年一过去，立刻贷款开餐厅、做教培、搞电商、投奶茶，接见省市领导，承诺亲商迎商，搞活经济，大…",1641338024939208704,['1641338024939208704'],yujnji11," 对这三年记忆抹去最快的，是底层普通人，连疫情抢菜、封城、偷乐都不记得了——下一秒直接扎进俄亥俄泄漏、汪小菲大S、乌梅子酱等洗脑奶头乐；

其次是中小企业主，三年一过去，立刻贷款开餐厅、做教培、搞电商、投奶茶，接见省市领导，承诺亲商迎商，搞活经济，大…"
1641334573421432832,2023-03-30T07:00:31.000Z,123459032,"RT @initiumnews: 【2500萬人生活擱置兩個月，上海封城是如何發生的？】https://t.co/u6DMaAYPEb 

2022年3月28日，上海封城。火車站機場大幅減少班次、物流癱瘓。2500萬人的生活懸置兩個月。如今，昔日的割斷人類生活的封鎖線和藍色圍板…",1641334573421432832,['1641334573421432832'],nero201003," 【2500萬人生活擱置兩個月，上海封城是如何發生的？】https://t.co/u6DMaAYPEb 

2022年3月28日，上海封城。火車站機場大幅減少班次、物流癱瘓。2500萬人的生活懸置兩個月。如今，昔日的割斷人類生活的封鎖線和藍色圍板…"
1641331049786638336,2023-03-30T06:46:31.000Z,1336255336131350528,"RT @initiumnews: 【2500萬人生活擱置兩個月，上海封城是如何發生的？】https://t.co/u6DMaAYPEb 

2022年3月28日，上海封城。火車站機場大幅減少班次、物流癱瘓。2500萬人的生活懸置兩個月。如今，昔日的割斷人類生活的封鎖線和藍色圍板…",1641331049786638336,['1641331049786638336'],BlueSky17629535," 【2500萬人生活擱置兩個月，上海封城是如何發生的？】https://t.co/u6DMaAYPEb 

2022年3月28日，上海封城。火車站機場大幅減少班次、物流癱瘓。2500萬人的生活懸置兩個月。如今，昔日的割斷人類生活的封鎖線和藍色圍板…"
1641327797628203008,2023-03-30T06:33:36.000Z,1329406249,"RT @lidangzzz: 对这三年记忆抹去最快的，是底层普通人，连疫情抢菜、封城、偷乐都不记得了——下一秒直接扎进俄亥俄泄漏、汪小菲大S、乌梅子酱等洗脑奶头乐；

其次是中小企业主，三年一过去，立刻贷款开餐厅、做教培、搞电商、投奶茶，接见省市领导，承诺亲商迎商，搞活经济，大…",1641327797628203008,['1641327797628203008'],Peo20200915," 对这三年记忆抹去最快的，是底层普通人，连疫情抢菜、封城、偷乐都不记得了——下一秒直接扎进俄亥俄泄漏、汪小菲大S、乌梅子酱等洗脑奶头乐；

其次是中小企业主，三年一过去，立刻贷款开餐厅、做教培、搞电商、投奶茶，接见省市领导，承诺亲商迎商，搞活经济，大…"
1641320252863651840,2023-03-30T06:03:37.000Z,861428475583905792,"RT @lidangzzz: 对这三年记忆抹去最快的，是底层普通人，连疫情抢菜、封城、偷乐都不记得了——下一秒直接扎进俄亥俄泄漏、汪小菲大S、乌梅子酱等洗脑奶头乐；

其次是中小企业主，三年一过去，立刻贷款开餐厅、做教培、搞电商、投奶茶，接见省市领导，承诺亲商迎商，搞活经济，大…",1641320252863651840,['1641320252863651840'],shuijingming," 对这三年记忆抹去最快的，是底层普通人，连疫情抢菜、封城、偷乐都不记得了——下一秒直接扎进俄亥俄泄漏、汪小菲大S、乌梅子酱等洗脑奶头乐；

其次是中小企业主，三年一过去，立刻贷款开餐厅、做教培、搞电商、投奶茶，接见省市领导，承诺亲商迎商，搞活经济，大…"
1641315864212541440,2023-03-30T05:46:10.000Z,1580879737546752000,"RT @initiumnews: 【2500萬人生活擱置兩個月，上海封城是如何發生的？】https://t.co/u6DMaAYPEb 

2022年3月28日，上海封城。火車站機場大幅減少班次、物流癱瘓。2500萬人的生活懸置兩個月。如今，昔日的割斷人類生活的封鎖線和藍色圍板…",1641315864212541440,['1641315864212541440'],WayneZhang2," 【2500萬人生活擱置兩個月，上海封城是如何發生的？】https://t.co/u6DMaAYPEb 

2022年3月28日，上海封城。火車站機場大幅減少班次、物流癱瘓。2500萬人的生活懸置兩個月。如今，昔日的割斷人類生活的封鎖線和藍色圍板…"
1641314729292439555,2023-03-30T05:41:40.000Z,525551777,对这三年记忆抹去最快的，是底层普通人，连疫情抢菜、封城、偷乐都不记得了——下一秒直接扎进俄亥俄泄漏、汪小菲大S、乌梅子酱等洗脑奶头乐；,1641314729292439555,['1641314729292439555'],yoyoahmd38,对这三年记忆抹去最快的，是底层普通人，连疫情抢菜、封城、偷乐都不记得了——下一秒直接扎进俄亥俄泄漏、汪小菲大S、乌梅子酱等洗脑奶头乐；
1641314622295937024,2023-03-30T05:41:14.000Z,1494244907409494018,"RT @lidangzzz: 对这三年记忆抹去最快的，是底层普通人，连疫情抢菜、封城、偷乐都不记得了——下一秒直接扎进俄亥俄泄漏、汪小菲大S、乌梅子酱等洗脑奶头乐；

其次是中小企业主，三年一过去，立刻贷款开餐厅、做教培、搞电商、投奶茶，接见省市领导，承诺亲商迎商，搞活经济，大…",1641314622295937024,['1641314622295937024'],OTH1238," 对这三年记忆抹去最快的，是底层普通人，连疫情抢菜、封城、偷乐都不记得了——下一秒直接扎进俄亥俄泄漏、汪小菲大S、乌梅子酱等洗脑奶头乐；

其次是中小企业主，三年一过去，立刻贷款开餐厅、做教培、搞电商、投奶茶，接见省市领导，承诺亲商迎商，搞活经济，大…"
1641312031432413186,2023-03-30T05:30:57.000Z,885565179534098432,"RT @initiumnews: 【2500萬人生活擱置兩個月，上海封城是如何發生的？】https://t.co/u6DMaAYPEb 

2022年3月28日，上海封城。火車站機場大幅減少班次、物流癱瘓。2500萬人的生活懸置兩個月。如今，昔日的割斷人類生活的封鎖線和藍色圍板…",1641312031432413186,['1641312031432413186'],JasonrayOio555," 【2500萬人生活擱置兩個月，上海封城是如何發生的？】https://t.co/u6DMaAYPEb 

2022年3月28日，上海封城。火車站機場大幅減少班次、物流癱瘓。2500萬人的生活懸置兩個月。如今，昔日的割斷人類生活的封鎖線和藍色圍板…"
1641308863151603718,2023-03-30T05:18:21.000Z,553704903,"RT @lidangzzz: 对这三年记忆抹去最快的，是底层普通人，连疫情抢菜、封城、偷乐都不记得了——下一秒直接扎进俄亥俄泄漏、汪小菲大S、乌梅子酱等洗脑奶头乐；

其次是中小企业主，三年一过去，立刻贷款开餐厅、做教培、搞电商、投奶茶，接见省市领导，承诺亲商迎商，搞活经济，大…",1641308863151603718,['1641308863151603718'],SheepLegend," 对这三年记忆抹去最快的，是底层普通人，连疫情抢菜、封城、偷乐都不记得了——下一秒直接扎进俄亥俄泄漏、汪小菲大S、乌梅子酱等洗脑奶头乐；

其次是中小企业主，三年一过去，立刻贷款开餐厅、做教培、搞电商、投奶茶，接见省市领导，承诺亲商迎商，搞活经济，大…"
1641308013339488257,2023-03-30T05:14:59.000Z,872665861915500545,"RT @initiumnews: 【2500萬人生活擱置兩個月，上海封城是如何發生的？】https://t.co/u6DMaAYPEb 

2022年3月28日，上海封城。火車站機場大幅減少班次、物流癱瘓。2500萬人的生活懸置兩個月。如今，昔日的割斷人類生活的封鎖線和藍色圍板…",1641308013339488257,['1641308013339488257'],gybg1949," 【2500萬人生活擱置兩個月，上海封城是如何發生的？】https://t.co/u6DMaAYPEb 

2022年3月28日，上海封城。火車站機場大幅減少班次、物流癱瘓。2500萬人的生活懸置兩個月。如今，昔日的割斷人類生活的封鎖線和藍色圍板…"
1641298071408775168,2023-03-30T04:35:28.000Z,1473877322780397571,"RT @lidangzzz: 对这三年记忆抹去最快的，是底层普通人，连疫情抢菜、封城、偷乐都不记得了——下一秒直接扎进俄亥俄泄漏、汪小菲大S、乌梅子酱等洗脑奶头乐；

其次是中小企业主，三年一过去，立刻贷款开餐厅、做教培、搞电商、投奶茶，接见省市领导，承诺亲商迎商，搞活经济，大…",1641298071408775168,['1641298071408775168'],yuancha6996," 对这三年记忆抹去最快的，是底层普通人，连疫情抢菜、封城、偷乐都不记得了——下一秒直接扎进俄亥俄泄漏、汪小菲大S、乌梅子酱等洗脑奶头乐；

其次是中小企业主，三年一过去，立刻贷款开餐厅、做教培、搞电商、投奶茶，接见省市领导，承诺亲商迎商，搞活经济，大…"
1641297302324379651,2023-03-30T04:32:25.000Z,1583372407460532224,"RT @initiumnews: 【2500萬人生活擱置兩個月，上海封城是如何發生的？】https://t.co/u6DMaAYPEb 

2022年3月28日，上海封城。火車站機場大幅減少班次、物流癱瘓。2500萬人的生活懸置兩個月。如今，昔日的割斷人類生活的封鎖線和藍色圍板…",1641297302324379651,['1641297302324379651'],loneTheReal1," 【2500萬人生活擱置兩個月，上海封城是如何發生的？】https://t.co/u6DMaAYPEb 

2022年3月28日，上海封城。火車站機場大幅減少班次、物流癱瘓。2500萬人的生活懸置兩個月。如今，昔日的割斷人類生活的封鎖線和藍色圍板…"
1641296756209246208,2023-03-30T04:30:15.000Z,1604244115532632064,"RT @initiumnews: 【2500萬人生活擱置兩個月，上海封城是如何發生的？】https://t.co/u6DMaAYPEb 

2022年3月28日，上海封城。火車站機場大幅減少班次、物流癱瘓。2500萬人的生活懸置兩個月。如今，昔日的割斷人類生活的封鎖線和藍色圍板…",1641296756209246208,['1641296756209246208'],wanglily_lwcat," 【2500萬人生活擱置兩個月，上海封城是如何發生的？】https://t.co/u6DMaAYPEb 

2022年3月28日，上海封城。火車站機場大幅減少班次、物流癱瘓。2500萬人的生活懸置兩個月。如今，昔日的割斷人類生活的封鎖線和藍色圍板…"
1641295900499927040,2023-03-30T04:26:51.000Z,110167281,"RT @initiumnews: 【2500萬人生活擱置兩個月，上海封城是如何發生的？】https://t.co/u6DMaAYPEb 

2022年3月28日，上海封城。火車站機場大幅減少班次、物流癱瘓。2500萬人的生活懸置兩個月。如今，昔日的割斷人類生活的封鎖線和藍色圍板…",1641295900499927040,['1641295900499927040'],li2nd," 【2500萬人生活擱置兩個月，上海封城是如何發生的？】https://t.co/u6DMaAYPEb 

2022年3月28日，上海封城。火車站機場大幅減少班次、物流癱瘓。2500萬人的生活懸置兩個月。如今，昔日的割斷人類生活的封鎖線和藍色圍板…"
1641295703032102913,2023-03-30T04:26:04.000Z,1549253229518544896,"RT @lidangzzz: 对这三年记忆抹去最快的，是底层普通人，连疫情抢菜、封城、偷乐都不记得了——下一秒直接扎进俄亥俄泄漏、汪小菲大S、乌梅子酱等洗脑奶头乐；

其次是中小企业主，三年一过去，立刻贷款开餐厅、做教培、搞电商、投奶茶，接见省市领导，承诺亲商迎商，搞活经济，大…",1641295703032102913,['1641295703032102913'],zhangweiye0702," 对这三年记忆抹去最快的，是底层普通人，连疫情抢菜、封城、偷乐都不记得了——下一秒直接扎进俄亥俄泄漏、汪小菲大S、乌梅子酱等洗脑奶头乐；

其次是中小企业主，三年一过去，立刻贷款开餐厅、做教培、搞电商、投奶茶，接见省市领导，承诺亲商迎商，搞活经济，大…"
1641294576630771713,2023-03-30T04:21:35.000Z,701312200544120832,"RT @lidangzzz: 对这三年记忆抹去最快的，是底层普通人，连疫情抢菜、封城、偷乐都不记得了——下一秒直接扎进俄亥俄泄漏、汪小菲大S、乌梅子酱等洗脑奶头乐；

其次是中小企业主，三年一过去，立刻贷款开餐厅、做教培、搞电商、投奶茶，接见省市领导，承诺亲商迎商，搞活经济，大…",1641294576630771713,['1641294576630771713'],shirushi121," 对这三年记忆抹去最快的，是底层普通人，连疫情抢菜、封城、偷乐都不记得了——下一秒直接扎进俄亥俄泄漏、汪小菲大S、乌梅子酱等洗脑奶头乐；

其次是中小企业主，三年一过去，立刻贷款开餐厅、做教培、搞电商、投奶茶，接见省市领导，承诺亲商迎商，搞活经济，大…"
1641294504702644228,2023-03-30T04:21:18.000Z,60897995,"RT @initiumnews: 【2500萬人生活擱置兩個月，上海封城是如何發生的？】https://t.co/u6DMaAYPEb 

2022年3月28日，上海封城。火車站機場大幅減少班次、物流癱瘓。2500萬人的生活懸置兩個月。如今，昔日的割斷人類生活的封鎖線和藍色圍板…",1641294504702644228,['1641294504702644228'],May_Flower_1620," 【2500萬人生活擱置兩個月，上海封城是如何發生的？】https://t.co/u6DMaAYPEb 

2022年3月28日，上海封城。火車站機場大幅減少班次、物流癱瘓。2500萬人的生活懸置兩個月。如今，昔日的割斷人類生活的封鎖線和藍色圍板…"
1641292610815000577,2023-03-30T04:13:46.000Z,1074522703275511809,"RT @initiumnews: 【2500萬人生活擱置兩個月，上海封城是如何發生的？】https://t.co/u6DMaAYPEb 

2022年3月28日，上海封城。火車站機場大幅減少班次、物流癱瘓。2500萬人的生活懸置兩個月。如今，昔日的割斷人類生活的封鎖線和藍色圍板…",1641292610815000577,['1641292610815000577'],Weihaoran2004," 【2500萬人生活擱置兩個月，上海封城是如何發生的？】https://t.co/u6DMaAYPEb 

2022年3月28日，上海封城。火車站機場大幅減少班次、物流癱瘓。2500萬人的生活懸置兩個月。如今，昔日的割斷人類生活的封鎖線和藍色圍板…"
1641286200584732674,2023-03-30T03:48:18.000Z,23749001,"RT @initiumnews: 【2500萬人生活擱置兩個月，上海封城是如何發生的？】https://t.co/u6DMaAYPEb 

2022年3月28日，上海封城。火車站機場大幅減少班次、物流癱瘓。2500萬人的生活懸置兩個月。如今，昔日的割斷人類生活的封鎖線和藍色圍板…",1641286200584732674,['1641286200584732674'],ceslieanne," 【2500萬人生活擱置兩個月，上海封城是如何發生的？】https://t.co/u6DMaAYPEb 

2022年3月28日，上海封城。火車站機場大幅減少班次、物流癱瘓。2500萬人的生活懸置兩個月。如今，昔日的割斷人類生活的封鎖線和藍色圍板…"
1641286130153979910,2023-03-30T03:48:01.000Z,23749001,"RT @lidangzzz: 对这三年记忆抹去最快的，是底层普通人，连疫情抢菜、封城、偷乐都不记得了——下一秒直接扎进俄亥俄泄漏、汪小菲大S、乌梅子酱等洗脑奶头乐；

其次是中小企业主，三年一过去，立刻贷款开餐厅、做教培、搞电商、投奶茶，接见省市领导，承诺亲商迎商，搞活经济，大…",1641286130153979910,['1641286130153979910'],ceslieanne," 对这三年记忆抹去最快的，是底层普通人，连疫情抢菜、封城、偷乐都不记得了——下一秒直接扎进俄亥俄泄漏、汪小菲大S、乌梅子酱等洗脑奶头乐；

其次是中小企业主，三年一过去，立刻贷款开餐厅、做教培、搞电商、投奶茶，接见省市领导，承诺亲商迎商，搞活经济，大…"
1641285052515467264,2023-03-30T03:43:44.000Z,1495308361,"RT @initiumnews: 【2500萬人生活擱置兩個月，上海封城是如何發生的？】https://t.co/u6DMaAYPEb 

2022年3月28日，上海封城。火車站機場大幅減少班次、物流癱瘓。2500萬人的生活懸置兩個月。如今，昔日的割斷人類生活的封鎖線和藍色圍板…",1641285052515467264,['1641285052515467264'],Stephen_lukbig," 【2500萬人生活擱置兩個月，上海封城是如何發生的？】https://t.co/u6DMaAYPEb 

2022年3月28日，上海封城。火車站機場大幅減少班次、物流癱瘓。2500萬人的生活懸置兩個月。如今，昔日的割斷人類生活的封鎖線和藍色圍板…"
1641283236453322754,2023-03-30T03:36:31.000Z,1105473509579403265,"RT @initiumnews: 【2500萬人生活擱置兩個月，上海封城是如何發生的？】https://t.co/u6DMaAYPEb 

2022年3月28日，上海封城。火車站機場大幅減少班次、物流癱瘓。2500萬人的生活懸置兩個月。如今，昔日的割斷人類生活的封鎖線和藍色圍板…",1641283236453322754,['1641283236453322754'],hGheZllufplucyu," 【2500萬人生活擱置兩個月，上海封城是如何發生的？】https://t.co/u6DMaAYPEb 

2022年3月28日，上海封城。火車站機場大幅減少班次、物流癱瘓。2500萬人的生活懸置兩個月。如今，昔日的割斷人類生活的封鎖線和藍色圍板…"
1641283082371342338,2023-03-30T03:35:55.000Z,861242505265725440,"RT @initiumnews: 【2500萬人生活擱置兩個月，上海封城是如何發生的？】https://t.co/u6DMaAYPEb 

2022年3月28日，上海封城。火車站機場大幅減少班次、物流癱瘓。2500萬人的生活懸置兩個月。如今，昔日的割斷人類生活的封鎖線和藍色圍板…",1641283082371342338,['1641283082371342338'],gz_black_eye," 【2500萬人生活擱置兩個月，上海封城是如何發生的？】https://t.co/u6DMaAYPEb 

2022年3月28日，上海封城。火車站機場大幅減少班次、物流癱瘓。2500萬人的生活懸置兩個月。如今，昔日的割斷人類生活的封鎖線和藍色圍板…"
1641281292334661634,2023-03-30T03:28:48.000Z,2788078109,"RT @initiumnews: 【2500萬人生活擱置兩個月，上海封城是如何發生的？】https://t.co/u6DMaAYPEb 

2022年3月28日，上海封城。火車站機場大幅減少班次、物流癱瘓。2500萬人的生活懸置兩個月。如今，昔日的割斷人類生活的封鎖線和藍色圍板…",1641281292334661634,['1641281292334661634'],hkdemonow," 【2500萬人生活擱置兩個月，上海封城是如何發生的？】https://t.co/u6DMaAYPEb 

2022年3月28日，上海封城。火車站機場大幅減少班次、物流癱瘓。2500萬人的生活懸置兩個月。如今，昔日的割斷人類生活的封鎖線和藍色圍板…"
1641280642267910144,2023-03-30T03:26:13.000Z,1418951143737147397,"RT @initiumnews: 【2500萬人生活擱置兩個月，上海封城是如何發生的？】https://t.co/u6DMaAYPEb 

2022年3月28日，上海封城。火車站機場大幅減少班次、物流癱瘓。2500萬人的生活懸置兩個月。如今，昔日的割斷人類生活的封鎖線和藍色圍板…",1641280642267910144,['1641280642267910144'],majingfeng1," 【2500萬人生活擱置兩個月，上海封城是如何發生的？】https://t.co/u6DMaAYPEb 

2022年3月28日，上海封城。火車站機場大幅減少班次、物流癱瘓。2500萬人的生活懸置兩個月。如今，昔日的割斷人類生活的封鎖線和藍色圍板…"
1641280405272924160,2023-03-30T03:25:16.000Z,1338880777,"RT @initiumnews: 【2500萬人生活擱置兩個月，上海封城是如何發生的？】https://t.co/u6DMaAYPEb 

2022年3月28日，上海封城。火車站機場大幅減少班次、物流癱瘓。2500萬人的生活懸置兩個月。如今，昔日的割斷人類生活的封鎖線和藍色圍板…",1641280405272924160,['1641280405272924160'],wsyyzqflbzzy," 【2500萬人生活擱置兩個月，上海封城是如何發生的？】https://t.co/u6DMaAYPEb 

2022年3月28日，上海封城。火車站機場大幅減少班次、物流癱瘓。2500萬人的生活懸置兩個月。如今，昔日的割斷人類生活的封鎖線和藍色圍板…"
1641280259025936384,2023-03-30T03:24:41.000Z,1603607019608764416,"RT @initiumnews: 【2500萬人生活擱置兩個月，上海封城是如何發生的？】https://t.co/u6DMaAYPEb 

2022年3月28日，上海封城。火車站機場大幅減少班次、物流癱瘓。2500萬人的生活懸置兩個月。如今，昔日的割斷人類生活的封鎖線和藍色圍板…",1641280259025936384,['1641280259025936384'],RoggrJ," 【2500萬人生活擱置兩個月，上海封城是如何發生的？】https://t.co/u6DMaAYPEb 

2022年3月28日，上海封城。火車站機場大幅減少班次、物流癱瘓。2500萬人的生活懸置兩個月。如今，昔日的割斷人類生活的封鎖線和藍色圍板…"
1641279472744927232,2023-03-30T03:21:34.000Z,149088329,"RT @initiumnews: 【2500萬人生活擱置兩個月，上海封城是如何發生的？】https://t.co/u6DMaAYPEb 

2022年3月28日，上海封城。火車站機場大幅減少班次、物流癱瘓。2500萬人的生活懸置兩個月。如今，昔日的割斷人類生活的封鎖線和藍色圍板…",1641279472744927232,['1641279472744927232'],gutouwang," 【2500萬人生活擱置兩個月，上海封城是如何發生的？】https://t.co/u6DMaAYPEb 

2022年3月28日，上海封城。火車站機場大幅減少班次、物流癱瘓。2500萬人的生活懸置兩個月。如今，昔日的割斷人類生活的封鎖線和藍色圍板…"
1641278948561809414,2023-03-30T03:19:29.000Z,42425700,"RT @initiumnews: 【2500萬人生活擱置兩個月，上海封城是如何發生的？】https://t.co/u6DMaAYPEb 

2022年3月28日，上海封城。火車站機場大幅減少班次、物流癱瘓。2500萬人的生活懸置兩個月。如今，昔日的割斷人類生活的封鎖線和藍色圍板…",1641278948561809414,['1641278948561809414'],Alpha4_3dom," 【2500萬人生活擱置兩個月，上海封城是如何發生的？】https://t.co/u6DMaAYPEb 

2022年3月28日，上海封城。火車站機場大幅減少班次、物流癱瘓。2500萬人的生活懸置兩個月。如今，昔日的割斷人類生活的封鎖線和藍色圍板…"
1641278365754855424,2023-03-30T03:17:10.000Z,831057985,"RT @initiumnews: 【2500萬人生活擱置兩個月，上海封城是如何發生的？】https://t.co/u6DMaAYPEb 

2022年3月28日，上海封城。火車站機場大幅減少班次、物流癱瘓。2500萬人的生活懸置兩個月。如今，昔日的割斷人類生活的封鎖線和藍色圍板…",1641278365754855424,['1641278365754855424'],nickname002002," 【2500萬人生活擱置兩個月，上海封城是如何發生的？】https://t.co/u6DMaAYPEb 

2022年3月28日，上海封城。火車站機場大幅減少班次、物流癱瘓。2500萬人的生活懸置兩個月。如今，昔日的割斷人類生活的封鎖線和藍色圍板…"
1641277612646625281,2023-03-30T03:14:10.000Z,568892405,"RT @initiumnews: 【2500萬人生活擱置兩個月，上海封城是如何發生的？】https://t.co/u6DMaAYPEb 

2022年3月28日，上海封城。火車站機場大幅減少班次、物流癱瘓。2500萬人的生活懸置兩個月。如今，昔日的割斷人類生活的封鎖線和藍色圍板…",1641277612646625281,['1641277612646625281'],ylyc99," 【2500萬人生活擱置兩個月，上海封城是如何發生的？】https://t.co/u6DMaAYPEb 

2022年3月28日，上海封城。火車站機場大幅減少班次、物流癱瘓。2500萬人的生活懸置兩個月。如今，昔日的割斷人類生活的封鎖線和藍色圍板…"
1641276103250804738,2023-03-30T03:08:11.000Z,1138968719818862592,"RT @initiumnews: 【2500萬人生活擱置兩個月，上海封城是如何發生的？】https://t.co/u6DMaAYPEb 

2022年3月28日，上海封城。火車站機場大幅減少班次、物流癱瘓。2500萬人的生活懸置兩個月。如今，昔日的割斷人類生活的封鎖線和藍色圍板…",1641276103250804738,['1641276103250804738'],ShiKaiwen6," 【2500萬人生活擱置兩個月，上海封城是如何發生的？】https://t.co/u6DMaAYPEb 

2022年3月28日，上海封城。火車站機場大幅減少班次、物流癱瘓。2500萬人的生活懸置兩個月。如今，昔日的割斷人類生活的封鎖線和藍色圍板…"
1641274844259168257,2023-03-30T03:03:10.000Z,37662400,"RT @initiumnews: 【2500萬人生活擱置兩個月，上海封城是如何發生的？】https://t.co/u6DMaAYPEb 

2022年3月28日，上海封城。火車站機場大幅減少班次、物流癱瘓。2500萬人的生活懸置兩個月。如今，昔日的割斷人類生活的封鎖線和藍色圍板…",1641274844259168257,['1641274844259168257'],Heisenburger110," 【2500萬人生活擱置兩個月，上海封城是如何發生的？】https://t.co/u6DMaAYPEb 

2022年3月28日，上海封城。火車站機場大幅減少班次、物流癱瘓。2500萬人的生活懸置兩個月。如今，昔日的割斷人類生活的封鎖線和藍色圍板…"
1641274183526252544,2023-03-30T03:00:33.000Z,1586100909423329280,"RT @lidangzzz: 对这三年记忆抹去最快的，是底层普通人，连疫情抢菜、封城、偷乐都不记得了——下一秒直接扎进俄亥俄泄漏、汪小菲大S、乌梅子酱等洗脑奶头乐；

其次是中小企业主，三年一过去，立刻贷款开餐厅、做教培、搞电商、投奶茶，接见省市领导，承诺亲商迎商，搞活经济，大…",1641274183526252544,['1641274183526252544'],Linyi1227," 对这三年记忆抹去最快的，是底层普通人，连疫情抢菜、封城、偷乐都不记得了——下一秒直接扎进俄亥俄泄漏、汪小菲大S、乌梅子酱等洗脑奶头乐；

其次是中小企业主，三年一过去，立刻贷款开餐厅、做教培、搞电商、投奶茶，接见省市领导，承诺亲商迎商，搞活经济，大…"
1641274055331311617,2023-03-30T03:00:02.000Z,1662221618,"RT @initiumnews: 【2500萬人生活擱置兩個月，上海封城是如何發生的？】https://t.co/u6DMaAYPEb 

2022年3月28日，上海封城。火車站機場大幅減少班次、物流癱瘓。2500萬人的生活懸置兩個月。如今，昔日的割斷人類生活的封鎖線和藍色圍板…",1641274055331311617,['1641274055331311617'],NabirahJJ," 【2500萬人生活擱置兩個月，上海封城是如何發生的？】https://t.co/u6DMaAYPEb 

2022年3月28日，上海封城。火車站機場大幅減少班次、物流癱瘓。2500萬人的生活懸置兩個月。如今，昔日的割斷人類生活的封鎖線和藍色圍板…"
1641273735188475907,2023-03-30T02:58:46.000Z,865513162677735429,"RT @initiumnews: 【2500萬人生活擱置兩個月，上海封城是如何發生的？】https://t.co/u6DMaAYPEb 

2022年3月28日，上海封城。火車站機場大幅減少班次、物流癱瘓。2500萬人的生活懸置兩個月。如今，昔日的割斷人類生活的封鎖線和藍色圍板…",1641273735188475907,['1641273735188475907'],polcandr," 【2500萬人生活擱置兩個月，上海封城是如何發生的？】https://t.co/u6DMaAYPEb 

2022年3月28日，上海封城。火車站機場大幅減少班次、物流癱瘓。2500萬人的生活懸置兩個月。如今，昔日的割斷人類生活的封鎖線和藍色圍板…"
1641273440056270848,2023-03-30T02:57:36.000Z,875525822,"RT @initiumnews: 【2500萬人生活擱置兩個月，上海封城是如何發生的？】https://t.co/u6DMaAYPEb 

2022年3月28日，上海封城。火車站機場大幅減少班次、物流癱瘓。2500萬人的生活懸置兩個月。如今，昔日的割斷人類生活的封鎖線和藍色圍板…",1641273440056270848,['1641273440056270848'],echinghist," 【2500萬人生活擱置兩個月，上海封城是如何發生的？】https://t.co/u6DMaAYPEb 

2022年3月28日，上海封城。火車站機場大幅減少班次、物流癱瘓。2500萬人的生活懸置兩個月。如今，昔日的割斷人類生活的封鎖線和藍色圍板…"
1641270662072532992,2023-03-30T02:46:33.000Z,1302265414018162688,"RT @initiumnews: 【2500萬人生活擱置兩個月，上海封城是如何發生的？】https://t.co/u6DMaAYPEb 

2022年3月28日，上海封城。火車站機場大幅減少班次、物流癱瘓。2500萬人的生活懸置兩個月。如今，昔日的割斷人類生活的封鎖線和藍色圍板…",1641270662072532992,['1641270662072532992'],Snowinger2," 【2500萬人生活擱置兩個月，上海封城是如何發生的？】https://t.co/u6DMaAYPEb 

2022年3月28日，上海封城。火車站機場大幅減少班次、物流癱瘓。2500萬人的生活懸置兩個月。如今，昔日的割斷人類生活的封鎖線和藍色圍板…"
1641267837699506176,2023-03-30T02:35:20.000Z,1559196143426232320,"RT @lidangzzz: 对这三年记忆抹去最快的，是底层普通人，连疫情抢菜、封城、偷乐都不记得了——下一秒直接扎进俄亥俄泄漏、汪小菲大S、乌梅子酱等洗脑奶头乐；

其次是中小企业主，三年一过去，立刻贷款开餐厅、做教培、搞电商、投奶茶，接见省市领导，承诺亲商迎商，搞活经济，大…",1641267837699506176,['1641267837699506176'],qinhong670," 对这三年记忆抹去最快的，是底层普通人，连疫情抢菜、封城、偷乐都不记得了——下一秒直接扎进俄亥俄泄漏、汪小菲大S、乌梅子酱等洗脑奶头乐；

其次是中小企业主，三年一过去，立刻贷款开餐厅、做教培、搞电商、投奶茶，接见省市领导，承诺亲商迎商，搞活经济，大…"
1641267527723495425,2023-03-30T02:34:06.000Z,4734141073,"RT @initiumnews: 【2500萬人生活擱置兩個月，上海封城是如何發生的？】https://t.co/u6DMaAYPEb 

2022年3月28日，上海封城。火車站機場大幅減少班次、物流癱瘓。2500萬人的生活懸置兩個月。如今，昔日的割斷人類生活的封鎖線和藍色圍板…",1641267527723495425,['1641267527723495425'],CvstodiaPOTUS," 【2500萬人生活擱置兩個月，上海封城是如何發生的？】https://t.co/u6DMaAYPEb 

2022年3月28日，上海封城。火車站機場大幅減少班次、物流癱瘓。2500萬人的生活懸置兩個月。如今，昔日的割斷人類生活的封鎖線和藍色圍板…"
1641267380209983488,2023-03-30T02:33:31.000Z,1602863020438585345,"RT @initiumnews: 【2500萬人生活擱置兩個月，上海封城是如何發生的？】https://t.co/u6DMaAYPEb 

2022年3月28日，上海封城。火車站機場大幅減少班次、物流癱瘓。2500萬人的生活懸置兩個月。如今，昔日的割斷人類生活的封鎖線和藍色圍板…",1641267380209983488,['1641267380209983488'],HSabrinle," 【2500萬人生活擱置兩個月，上海封城是如何發生的？】https://t.co/u6DMaAYPEb 

2022年3月28日，上海封城。火車站機場大幅減少班次、物流癱瘓。2500萬人的生活懸置兩個月。如今，昔日的割斷人類生活的封鎖線和藍色圍板…"
1641266087085101056,2023-03-30T02:28:23.000Z,311667306,"RT @initiumnews: 【2500萬人生活擱置兩個月，上海封城是如何發生的？】https://t.co/u6DMaAYPEb 

2022年3月28日，上海封城。火車站機場大幅減少班次、物流癱瘓。2500萬人的生活懸置兩個月。如今，昔日的割斷人類生活的封鎖線和藍色圍板…",1641266087085101056,['1641266087085101056'],monsoonnnnnnn," 【2500萬人生活擱置兩個月，上海封城是如何發生的？】https://t.co/u6DMaAYPEb 

2022年3月28日，上海封城。火車站機場大幅減少班次、物流癱瘓。2500萬人的生活懸置兩個月。如今，昔日的割斷人類生活的封鎖線和藍色圍板…"
1641266081011744768,2023-03-30T02:28:21.000Z,1193038729549500417,"RT @lidangzzz: 对这三年记忆抹去最快的，是底层普通人，连疫情抢菜、封城、偷乐都不记得了——下一秒直接扎进俄亥俄泄漏、汪小菲大S、乌梅子酱等洗脑奶头乐；

其次是中小企业主，三年一过去，立刻贷款开餐厅、做教培、搞电商、投奶茶，接见省市领导，承诺亲商迎商，搞活经济，大…",1641266081011744768,['1641266081011744768'],XiaverYork," 对这三年记忆抹去最快的，是底层普通人，连疫情抢菜、封城、偷乐都不记得了——下一秒直接扎进俄亥俄泄漏、汪小菲大S、乌梅子酱等洗脑奶头乐；

其次是中小企业主，三年一过去，立刻贷款开餐厅、做教培、搞电商、投奶茶，接见省市领导，承诺亲商迎商，搞活经济，大…"
1641265851650437120,2023-03-30T02:27:26.000Z,124187456,"RT @initiumnews: 【2500萬人生活擱置兩個月，上海封城是如何發生的？】https://t.co/u6DMaAYPEb 

2022年3月28日，上海封城。火車站機場大幅減少班次、物流癱瘓。2500萬人的生活懸置兩個月。如今，昔日的割斷人類生活的封鎖線和藍色圍板…",1641265851650437120,['1641265851650437120'],NalaGinrut," 【2500萬人生活擱置兩個月，上海封城是如何發生的？】https://t.co/u6DMaAYPEb 

2022年3月28日，上海封城。火車站機場大幅減少班次、物流癱瘓。2500萬人的生活懸置兩個月。如今，昔日的割斷人類生活的封鎖線和藍色圍板…"
1641264983626625024,2023-03-30T02:23:59.000Z,1581252934494322689,"RT @lidangzzz: 对这三年记忆抹去最快的，是底层普通人，连疫情抢菜、封城、偷乐都不记得了——下一秒直接扎进俄亥俄泄漏、汪小菲大S、乌梅子酱等洗脑奶头乐；

其次是中小企业主，三年一过去，立刻贷款开餐厅、做教培、搞电商、投奶茶，接见省市领导，承诺亲商迎商，搞活经济，大…",1641264983626625024,['1641264983626625024'],shljinghungd1," 对这三年记忆抹去最快的，是底层普通人，连疫情抢菜、封城、偷乐都不记得了——下一秒直接扎进俄亥俄泄漏、汪小菲大S、乌梅子酱等洗脑奶头乐；

其次是中小企业主，三年一过去，立刻贷款开餐厅、做教培、搞电商、投奶茶，接见省市领导，承诺亲商迎商，搞活经济，大…"
1641264364815785984,2023-03-30T02:21:32.000Z,899940271424552960,"RT @lidangzzz: 对这三年记忆抹去最快的，是底层普通人，连疫情抢菜、封城、偷乐都不记得了——下一秒直接扎进俄亥俄泄漏、汪小菲大S、乌梅子酱等洗脑奶头乐；

其次是中小企业主，三年一过去，立刻贷款开餐厅、做教培、搞电商、投奶茶，接见省市领导，承诺亲商迎商，搞活经济，大…",1641264364815785984,['1641264364815785984'],nogi233," 对这三年记忆抹去最快的，是底层普通人，连疫情抢菜、封城、偷乐都不记得了——下一秒直接扎进俄亥俄泄漏、汪小菲大S、乌梅子酱等洗脑奶头乐；

其次是中小企业主，三年一过去，立刻贷款开餐厅、做教培、搞电商、投奶茶，接见省市领导，承诺亲商迎商，搞活经济，大…"
1641264121533595648,2023-03-30T02:20:34.000Z,487663612,"RT @initiumnews: 【2500萬人生活擱置兩個月，上海封城是如何發生的？】https://t.co/u6DMaAYPEb 

2022年3月28日，上海封城。火車站機場大幅減少班次、物流癱瘓。2500萬人的生活懸置兩個月。如今，昔日的割斷人類生活的封鎖線和藍色圍板…",1641264121533595648,['1641264121533595648'],putdis2nn," 【2500萬人生活擱置兩個月，上海封城是如何發生的？】https://t.co/u6DMaAYPEb 

2022年3月28日，上海封城。火車站機場大幅減少班次、物流癱瘓。2500萬人的生活懸置兩個月。如今，昔日的割斷人類生活的封鎖線和藍色圍板…"
1641260095563497472,2023-03-30T02:18:17.000Z,1635267839182655488,@lidangzzz 又在塑造错误的集体记忆。三年疫情，前两年的防疫明明做的非常好，真正走极端的时候也就从上海封城开始，半年而已，然后就解封了，在美国的人才应该好好记记，特朗普这屠美大佐直接让美国人寿命减两岁，计算计算害死多少人。,1641263548138651648,['1641263548138651648'],qingang2032,@lidangzzz 又在塑造错误的集体记忆。三年疫情，前两年的防疫明明做的非常好，真正走极端的时候也就从上海封城开始，半年而已，然后就解封了，在美国的人才应该好好记记，特朗普这屠美大佐直接让美国人寿命减两岁，计算计算害死多少人。
1641263477909258240,2023-03-30T02:18:00.000Z,832834874616614912,"RT @initiumnews: 【2500萬人生活擱置兩個月，上海封城是如何發生的？】https://t.co/u6DMaAYPEb 

2022年3月28日，上海封城。火車站機場大幅減少班次、物流癱瘓。2500萬人的生活懸置兩個月。如今，昔日的割斷人類生活的封鎖線和藍色圍板…",1641263477909258240,['1641263477909258240'],KUGQS172," 【2500萬人生活擱置兩個月，上海封城是如何發生的？】https://t.co/u6DMaAYPEb 

2022年3月28日，上海封城。火車站機場大幅減少班次、物流癱瘓。2500萬人的生活懸置兩個月。如今，昔日的割斷人類生活的封鎖線和藍色圍板…"
1641262967701524480,2023-03-30T02:15:59.000Z,1535544769459367937,"RT @lidangzzz: 对这三年记忆抹去最快的，是底层普通人，连疫情抢菜、封城、偷乐都不记得了——下一秒直接扎进俄亥俄泄漏、汪小菲大S、乌梅子酱等洗脑奶头乐；

其次是中小企业主，三年一过去，立刻贷款开餐厅、做教培、搞电商、投奶茶，接见省市领导，承诺亲商迎商，搞活经济，大…",1641262967701524480,['1641262967701524480'],Shepherd_12_," 对这三年记忆抹去最快的，是底层普通人，连疫情抢菜、封城、偷乐都不记得了——下一秒直接扎进俄亥俄泄漏、汪小菲大S、乌梅子酱等洗脑奶头乐；

其次是中小企业主，三年一过去，立刻贷款开餐厅、做教培、搞电商、投奶茶，接见省市领导，承诺亲商迎商，搞活经济，大…"
1641262786125889536,2023-03-30T02:15:16.000Z,210792069,"RT @initiumnews: 【2500萬人生活擱置兩個月，上海封城是如何發生的？】https://t.co/u6DMaAYPEb 

2022年3月28日，上海封城。火車站機場大幅減少班次、物流癱瘓。2500萬人的生活懸置兩個月。如今，昔日的割斷人類生活的封鎖線和藍色圍板…",1641262786125889536,['1641262786125889536'],Fengchia," 【2500萬人生活擱置兩個月，上海封城是如何發生的？】https://t.co/u6DMaAYPEb 

2022年3月28日，上海封城。火車站機場大幅減少班次、物流癱瘓。2500萬人的生活懸置兩個月。如今，昔日的割斷人類生活的封鎖線和藍色圍板…"
1641262187397402624,2023-03-30T02:12:53.000Z,1033357686966870016,"RT @initiumnews: 【2500萬人生活擱置兩個月，上海封城是如何發生的？】https://t.co/u6DMaAYPEb 

2022年3月28日，上海封城。火車站機場大幅減少班次、物流癱瘓。2500萬人的生活懸置兩個月。如今，昔日的割斷人類生活的封鎖線和藍色圍板…",1641262187397402624,['1641262187397402624'],Billychow14," 【2500萬人生活擱置兩個月，上海封城是如何發生的？】https://t.co/u6DMaAYPEb 

2022年3月28日，上海封城。火車站機場大幅減少班次、物流癱瘓。2500萬人的生活懸置兩個月。如今，昔日的割斷人類生活的封鎖線和藍色圍板…"
1641260343287754752,2023-03-30T02:10:20.000Z,16525962,"@m_wo8y 上海从来没封城，武汉自古无疫情
中国人民最民主，他们主人_______。",1641261545144426497,['1641261545144426497'],Null87486898,"@m_wo8y 上海从来没封城，武汉自古无疫情
中国人民最民主，他们主人_______。"
1641261493554679808,2023-03-30T02:10:07.000Z,1125218936918642690,"RT @lidangzzz: 对这三年记忆抹去最快的，是底层普通人，连疫情抢菜、封城、偷乐都不记得了——下一秒直接扎进俄亥俄泄漏、汪小菲大S、乌梅子酱等洗脑奶头乐；

其次是中小企业主，三年一过去，立刻贷款开餐厅、做教培、搞电商、投奶茶，接见省市领导，承诺亲商迎商，搞活经济，大…",1641261493554679808,['1641261493554679808'],Longwatercmder," 对这三年记忆抹去最快的，是底层普通人，连疫情抢菜、封城、偷乐都不记得了——下一秒直接扎进俄亥俄泄漏、汪小菲大S、乌梅子酱等洗脑奶头乐；

其次是中小企业主，三年一过去，立刻贷款开餐厅、做教培、搞电商、投奶茶，接见省市领导，承诺亲商迎商，搞活经济，大…"
1641261314118160384,2023-03-30T02:09:25.000Z,837103061214482432,"RT @initiumnews: 【2500萬人生活擱置兩個月，上海封城是如何發生的？】https://t.co/u6DMaAYPEb 

2022年3月28日，上海封城。火車站機場大幅減少班次、物流癱瘓。2500萬人的生活懸置兩個月。如今，昔日的割斷人類生活的封鎖線和藍色圍板…",1641261314118160384,['1641261314118160384'],FaustoChou," 【2500萬人生活擱置兩個月，上海封城是如何發生的？】https://t.co/u6DMaAYPEb 

2022年3月28日，上海封城。火車站機場大幅減少班次、物流癱瘓。2500萬人的生活懸置兩個月。如今，昔日的割斷人類生活的封鎖線和藍色圍板…"
1641260752857366528,2023-03-30T02:07:11.000Z,1579329564660346884,"RT @initiumnews: 【2500萬人生活擱置兩個月，上海封城是如何發生的？】https://t.co/u6DMaAYPEb 

2022年3月28日，上海封城。火車站機場大幅減少班次、物流癱瘓。2500萬人的生活懸置兩個月。如今，昔日的割斷人類生活的封鎖線和藍色圍板…",1641260752857366528,['1641260752857366528'],Andy2022jp," 【2500萬人生活擱置兩個月，上海封城是如何發生的？】https://t.co/u6DMaAYPEb 

2022年3月28日，上海封城。火車站機場大幅減少班次、物流癱瘓。2500萬人的生活懸置兩個月。如今，昔日的割斷人類生活的封鎖線和藍色圍板…"
1641260095563497472,2023-03-30T02:04:34.000Z,28940967,"对这三年记忆抹去最快的，是底层普通人，连疫情抢菜、封城、偷乐都不记得了——下一秒直接扎进俄亥俄泄漏、汪小菲大S、乌梅子酱等洗脑奶头乐；

其次是中小企业主，三年一过去，立刻贷款开餐厅、做教培、搞电商、投奶茶，接见省市领导，承诺亲商迎商，搞活经济，大家信心满满；… https://t.co/t7WTxYZGaI",1641260095563497472,['1641260095563497472'],lidangzzz,"对这三年记忆抹去最快的，是底层普通人，连疫情抢菜、封城、偷乐都不记得了——下一秒直接扎进俄亥俄泄漏、汪小菲大S、乌梅子酱等洗脑奶头乐；

其次是中小企业主，三年一过去，立刻贷款开餐厅、做教培、搞电商、投奶茶，接见省市领导，承诺亲商迎商，搞活经济，大家信心满满；… https://t.co/t7WTxYZGaI"
1641259406435430400,2023-03-30T02:01:50.000Z,166776293,"RT @initiumnews: 【2500萬人生活擱置兩個月，上海封城是如何發生的？】https://t.co/u6DMaAYPEb 

2022年3月28日，上海封城。火車站機場大幅減少班次、物流癱瘓。2500萬人的生活懸置兩個月。如今，昔日的割斷人類生活的封鎖線和藍色圍板…",1641259406435430400,['1641259406435430400'],AyaneRisaMiku," 【2500萬人生活擱置兩個月，上海封城是如何發生的？】https://t.co/u6DMaAYPEb 

2022年3月28日，上海封城。火車站機場大幅減少班次、物流癱瘓。2500萬人的生活懸置兩個月。如今，昔日的割斷人類生活的封鎖線和藍色圍板…"
1641259248956096515,2023-03-30T02:01:12.000Z,1529670402100051968,老外去年出去骚，脚底骨折了。正赶上封城，没办法找了个部队医院的大主任给做手术，部队医院又不能接收外国人，各种骚操作终于是住下了。术后各种嫌弃中国的止疼药没效果，疫情最严重的时候陪他在医院里呆了15天。我最闹心的时候把他和轮椅一起给他推路边沟里去了。昨天终于把钢板取出来了…. https://t.co/GGSwU3FE81,1641259248956096515,['1641259248956096515'],Nigel0823,老外去年出去骚，脚底骨折了。正赶上封城，没办法找了个部队医院的大主任给做手术，部队医院又不能接收外国人，各种骚操作终于是住下了。术后各种嫌弃中国的止疼药没效果，疫情最严重的时候陪他在医院里呆了15天。我最闹心的时候把他和轮椅一起给他推路边沟里去了。昨天终于把钢板取出来了…. https://t.co/GGSwU3FE81
1641258949016993796,2023-03-30T02:00:01.000Z,3232393554,"【2500萬人生活擱置兩個月，上海封城是如何發生的？】https://t.co/u6DMaAYPEb 

2022年3月28日，上海封城。火車站機場大幅減少班次、物流癱瘓。2500萬人的生活懸置兩個月。如今，昔日的割斷人類生活的封鎖線和藍色圍板不見了，白色防護服和遍佈大街小巷的核酸亭都不見了...疫情印記被在城市表面抹去。 https://t.co/OOIpeMFAt0",1641258949016993796,['1641258949016993796'],initiumnews,"【2500萬人生活擱置兩個月，上海封城是如何發生的？】https://t.co/u6DMaAYPEb 

2022年3月28日，上海封城。火車站機場大幅減少班次、物流癱瘓。2500萬人的生活懸置兩個月。如今，昔日的割斷人類生活的封鎖線和藍色圍板不見了，白色防護服和遍佈大街小巷的核酸亭都不見了...疫情印記被在城市表面抹去。 https://t.co/OOIpeMFAt0"
1641258420744638464,2023-03-30T01:57:55.000Z,327987697,"RT @initiumnews: 「徐秋依然覺得它是中國最好、最適合生活的城市。但她也意識到，上海再好也只是『泰坦尼克號的頭等艙』。」

當四月之聲再次響起時，上海早已沒了去年封城時的種種慘狀，如今整個城市在甦醒，疫情的痕跡也被抹除地乾乾淨淨。https://t.co/qgu7…",1641258420744638464,['1641258420744638464'],Tommyzhangtao," 「徐秋依然覺得它是中國最好、最適合生活的城市。但她也意識到，上海再好也只是『泰坦尼克號的頭等艙』。」

當四月之聲再次響起時，上海早已沒了去年封城時的種種慘狀，如今整個城市在甦醒，疫情的痕跡也被抹除地乾乾淨淨。https://t.co/qgu7…"
1641186378376683520,2023-03-29T23:54:27.000Z,1070464614167531520,@AJung443 從疫情、封城、產業外移，到近期陸配帶媽媽來台灣旅遊，感覺影響好像只有在底層！但最近興爺與瑪麗的朋友賣房子，似乎影響擴大了！,1641227350481461249,['1641227350481461249'],Kuangx21,@AJung443 從疫情、封城、產業外移，到近期陸配帶媽媽來台灣旅遊，感覺影響好像只有在底層！但最近興爺與瑪麗的朋友賣房子，似乎影響擴大了！
1641134983963082762,2023-03-29T17:47:25.000Z,2795288953,"RT @yerbol_yezhen: 大疫情3年， 东突厥斯坦封城政策远比内地严格。 乌鲁木齐和伊宁每年都要封， 每次都是几个月。 只要不是在事业单位或者国企， 大批汉人都已经逃离东突厥斯坦， 大火之后尤甚。 

兵团种棉花的汉人日子更是难过。 美国制裁“新疆棉”的法律正在逐渐…",1641134983963082762,['1641134983963082762'],avaldez199," 大疫情3年， 东突厥斯坦封城政策远比内地严格。 乌鲁木齐和伊宁每年都要封， 每次都是几个月。 只要不是在事业单位或者国企， 大批汉人都已经逃离东突厥斯坦， 大火之后尤甚。 

兵团种棉花的汉人日子更是难过。 美国制裁“新疆棉”的法律正在逐渐…"
1641129158288998400,2023-03-29T17:24:16.000Z,1182103663646429184,"RT @initiumnews: 「徐秋依然覺得它是中國最好、最適合生活的城市。但她也意識到，上海再好也只是『泰坦尼克號的頭等艙』。」

當四月之聲再次響起時，上海早已沒了去年封城時的種種慘狀，如今整個城市在甦醒，疫情的痕跡也被抹除地乾乾淨淨。https://t.co/qgu7…",1641129158288998400,['1641129158288998400'],Puixxx1," 「徐秋依然覺得它是中國最好、最適合生活的城市。但她也意識到，上海再好也只是『泰坦尼克號的頭等艙』。」

當四月之聲再次響起時，上海早已沒了去年封城時的種種慘狀，如今整個城市在甦醒，疫情的痕跡也被抹除地乾乾淨淨。https://t.co/qgu7…"
1641110898990280707,2023-03-29T16:11:43.000Z,759385489,"RT @initiumnews: 「徐秋依然覺得它是中國最好、最適合生活的城市。但她也意識到，上海再好也只是『泰坦尼克號的頭等艙』。」

當四月之聲再次響起時，上海早已沒了去年封城時的種種慘狀，如今整個城市在甦醒，疫情的痕跡也被抹除地乾乾淨淨。https://t.co/qgu7…",1641110898990280707,['1641110898990280707'],aelcenganda," 「徐秋依然覺得它是中國最好、最適合生活的城市。但她也意識到，上海再好也只是『泰坦尼克號的頭等艙』。」

當四月之聲再次響起時，上海早已沒了去年封城時的種種慘狀，如今整個城市在甦醒，疫情的痕跡也被抹除地乾乾淨淨。https://t.co/qgu7…"
1641106436796354560,2023-03-29T15:53:59.000Z,1637496038381735937,"RT @initiumnews: 「徐秋依然覺得它是中國最好、最適合生活的城市。但她也意識到，上海再好也只是『泰坦尼克號的頭等艙』。」

當四月之聲再次響起時，上海早已沒了去年封城時的種種慘狀，如今整個城市在甦醒，疫情的痕跡也被抹除地乾乾淨淨。https://t.co/qgu7…",1641106436796354560,['1641106436796354560'],Maretta2008," 「徐秋依然覺得它是中國最好、最適合生活的城市。但她也意識到，上海再好也只是『泰坦尼克號的頭等艙』。」

當四月之聲再次響起時，上海早已沒了去年封城時的種種慘狀，如今整個城市在甦醒，疫情的痕跡也被抹除地乾乾淨淨。https://t.co/qgu7…"
1641098867595939840,2023-03-29T15:23:54.000Z,1218901281231654913,"RT @CAPy9iUiGOJqqFG: 不管是好事还是坏事，只要是发生过的事情，人们多少都会留下记忆，只是有些记忆转眼就忘，有些记忆却会长久的留存下来。

可是，有些人不喜欢看到人们留下对三年疫情的记忆，于是开始要篡改人们对三年疫情的记忆，就当那些惨绝人寰封城封控没有发生过一…",1641098867595939840,['1641098867595939840'],LeungWingKong1," 不管是好事还是坏事，只要是发生过的事情，人们多少都会留下记忆，只是有些记忆转眼就忘，有些记忆却会长久的留存下来。

可是，有些人不喜欢看到人们留下对三年疫情的记忆，于是开始要篡改人们对三年疫情的记忆，就当那些惨绝人寰封城封控没有发生过一…"
1641096617490259968,2023-03-29T15:14:58.000Z,720772241516941314,"郑州大水，习近平跑到西藏
武汉疫情，习近平搞得视频连线
上海封城，习包子跑四川新疆游山玩水

现在乌克兰打仗，习包子敢去？ https://t.co/p8Aj6NbF1M",1641096617490259968,['1641096617490259968'],XiJPDynasty,"郑州大水，习近平跑到西藏
武汉疫情，习近平搞得视频连线
上海封城，习包子跑四川新疆游山玩水

现在乌克兰打仗，习包子敢去？ https://t.co/p8Aj6NbF1M"
1640993588023812096,2023-03-29T15:14:48.000Z,720772241516941314,"@RFI_Cn 郑州大水，习近平跑到西藏
武汉疫情，习近平搞得视频连线
上海封城，习包子跑四川新疆游山玩水

现在乌克兰打仗，习包子敢去？",1641096575786303488,['1641096575786303488'],XiJPDynasty,"@RFI_Cn 郑州大水，习近平跑到西藏
武汉疫情，习近平搞得视频连线
上海封城，习包子跑四川新疆游山玩水

现在乌克兰打仗，习包子敢去？"
1641091433334718465,2023-03-29T14:54:22.000Z,1327555158264352770,"RT @Yc18374511952: 【你相信光嘛】
疫情成都封城这么久，还能保持这种更新频率，也是为难自己的库存了，片子质量开始下降，因为库存急剧减少，很多是年初拍了没发的老图。等成都解封需要拍一波库存素材，想合作的身材好、🍆大的宝子私信照片呀。

📷 |@Yc1837451…",1641091433334718465,['1641091433334718465'],Dojin64716878," 【你相信光嘛】
疫情成都封城这么久，还能保持这种更新频率，也是为难自己的库存了，片子质量开始下降，因为库存急剧减少，很多是年初拍了没发的老图。等成都解封需要拍一波库存素材，想合作的身材好、🍆大的宝子私信照片呀。

📷 |@Yc1837451…"
1641021130554105856,2023-03-29T14:09:37.000Z,1517160372511584256,@KC35643345 @zaobaosg 他当然不敢去啦。武汉疫情隔着屏幕指挥，河南水灾他怕被冲走，上海封城跑去海南调研。这货这么怕死，去乌克兰被炸死了咋办，他还要当皇帝过好日子呢！,1641080170521010176,['1641080170521010176'],shiguang923416,@KC35643345 @zaobaosg 他当然不敢去啦。武汉疫情隔着屏幕指挥，河南水灾他怕被冲走，上海封城跑去海南调研。这货这么怕死，去乌克兰被炸死了咋办，他还要当皇帝过好日子呢！
1641064964969615363,2023-03-29T13:09:11.000Z,1238831198513831938,"不管是好事还是坏事，只要是发生过的事情，人们多少都会留下记忆，只是有些记忆转眼就忘，有些记忆却会长久的留存下来。

可是，有些人不喜欢看到人们留下对三年疫情的记忆，于是开始要篡改人们对三年疫情的记忆，就当那些惨绝人寰封城封控没有发生过一样。 https://t.co/8x5vIyduXu https://t.co/seuHVDSFHH",1641064964969615363,['1641064964969615363'],CAPy9iUiGOJqqFG,"不管是好事还是坏事，只要是发生过的事情，人们多少都会留下记忆，只是有些记忆转眼就忘，有些记忆却会长久的留存下来。

可是，有些人不喜欢看到人们留下对三年疫情的记忆，于是开始要篡改人们对三年疫情的记忆，就当那些惨绝人寰封城封控没有发生过一样。 https://t.co/8x5vIyduXu https://t.co/seuHVDSFHH"
1641026968698204160,2023-03-29T12:53:27.000Z,827494725217251328,@QED_2022 疫情的那三年封城封門，不讓出門經濟早就出大問題了，要幾年才補得回來？,1641061003923427330,['1641061003923427330'],EricChen0312,@QED_2022 疫情的那三年封城封門，不讓出門經濟早就出大問題了，要幾年才補得回來？
1641056141642792961,2023-03-29T12:34:08.000Z,1698453373,"RT @yerbol_yezhen: 大疫情3年， 东突厥斯坦封城政策远比内地严格。 乌鲁木齐和伊宁每年都要封， 每次都是几个月。 只要不是在事业单位或者国企， 大批汉人都已经逃离东突厥斯坦， 大火之后尤甚。 

兵团种棉花的汉人日子更是难过。 美国制裁“新疆棉”的法律正在逐渐…",1641056141642792961,['1641056141642792961'],aa_sdasfsf," 大疫情3年， 东突厥斯坦封城政策远比内地严格。 乌鲁木齐和伊宁每年都要封， 每次都是几个月。 只要不是在事业单位或者国企， 大批汉人都已经逃离东突厥斯坦， 大火之后尤甚。 

兵团种棉花的汉人日子更是难过。 美国制裁“新疆棉”的法律正在逐渐…"
1641055945198272512,2023-03-29T12:33:21.000Z,4867870409,"RT @initiumnews: 「徐秋依然覺得它是中國最好、最適合生活的城市。但她也意識到，上海再好也只是『泰坦尼克號的頭等艙』。」

當四月之聲再次響起時，上海早已沒了去年封城時的種種慘狀，如今整個城市在甦醒，疫情的痕跡也被抹除地乾乾淨淨。https://t.co/qgu7…",1641055945198272512,['1641055945198272512'],J_eirmate," 「徐秋依然覺得它是中國最好、最適合生活的城市。但她也意識到，上海再好也只是『泰坦尼克號的頭等艙』。」

當四月之聲再次響起時，上海早已沒了去年封城時的種種慘狀，如今整個城市在甦醒，疫情的痕跡也被抹除地乾乾淨淨。https://t.co/qgu7…"
1641031711566725120,2023-03-29T11:29:23.000Z,1532235818995109889,有个在上海创业的朋友公司刚有起色没两三年，疫情来了，该卖的卖该贷的贷打算咬牙撑过去，封城来了。大概是绝望了吧，跟亲朋好友挨个联系想办法。可惜我们不争气除了安慰和鼓励啥都做不了封控结束我在朋友圈刷到了他的讣告。更魔幻的是把居委会卖了说是自愿封控的,1641039846578991106,['1641039846578991106'],dzdzeazzkid,有个在上海创业的朋友公司刚有起色没两三年，疫情来了，该卖的卖该贷的贷打算咬牙撑过去，封城来了。大概是绝望了吧，跟亲朋好友挨个联系想办法。可惜我们不争气除了安慰和鼓励啥都做不了封控结束我在朋友圈刷到了他的讣告。更魔幻的是把居委会卖了说是自愿封控的
1641028904256172033,2023-03-29T10:45:54.000Z,1259822443696402433,"RT @initiumnews: 「徐秋依然覺得它是中國最好、最適合生活的城市。但她也意識到，上海再好也只是『泰坦尼克號的頭等艙』。」

當四月之聲再次響起時，上海早已沒了去年封城時的種種慘狀，如今整個城市在甦醒，疫情的痕跡也被抹除地乾乾淨淨。https://t.co/qgu7…",1641028904256172033,['1641028904256172033'],antippt," 「徐秋依然覺得它是中國最好、最適合生活的城市。但她也意識到，上海再好也只是『泰坦尼克號的頭等艙』。」

當四月之聲再次響起時，上海早已沒了去年封城時的種種慘狀，如今整個城市在甦醒，疫情的痕跡也被抹除地乾乾淨淨。https://t.co/qgu7…"
1641020074051133440,2023-03-29T10:10:48.000Z,2418859497,"RT @yerbol_yezhen: 大疫情3年， 东突厥斯坦封城政策远比内地严格。 乌鲁木齐和伊宁每年都要封， 每次都是几个月。 只要不是在事业单位或者国企， 大批汉人都已经逃离东突厥斯坦， 大火之后尤甚。 

兵团种棉花的汉人日子更是难过。 美国制裁“新疆棉”的法律正在逐渐…",1641020074051133440,['1641020074051133440'],shuaibcolin," 大疫情3年， 东突厥斯坦封城政策远比内地严格。 乌鲁木齐和伊宁每年都要封， 每次都是几个月。 只要不是在事业单位或者国企， 大批汉人都已经逃离东突厥斯坦， 大火之后尤甚。 

兵团种棉花的汉人日子更是难过。 美国制裁“新疆棉”的法律正在逐渐…"
1641012417927806976,2023-03-29T09:40:23.000Z,19016477,"RT @initiumnews: 「徐秋依然覺得它是中國最好、最適合生活的城市。但她也意識到，上海再好也只是『泰坦尼克號的頭等艙』。」

當四月之聲再次響起時，上海早已沒了去年封城時的種種慘狀，如今整個城市在甦醒，疫情的痕跡也被抹除地乾乾淨淨。https://t.co/qgu7…",1641012417927806976,['1641012417927806976'],antoniont1," 「徐秋依然覺得它是中國最好、最適合生活的城市。但她也意識到，上海再好也只是『泰坦尼克號的頭等艙』。」

當四月之聲再次響起時，上海早已沒了去年封城時的種種慘狀，如今整個城市在甦醒，疫情的痕跡也被抹除地乾乾淨淨。https://t.co/qgu7…"
1641007207604174848,2023-03-29T09:19:41.000Z,906185819836186624,"RT @initiumnews: 「徐秋依然覺得它是中國最好、最適合生活的城市。但她也意識到，上海再好也只是『泰坦尼克號的頭等艙』。」

當四月之聲再次響起時，上海早已沒了去年封城時的種種慘狀，如今整個城市在甦醒，疫情的痕跡也被抹除地乾乾淨淨。https://t.co/qgu7…",1641007207604174848,['1641007207604174848'],ssepuppylover," 「徐秋依然覺得它是中國最好、最適合生活的城市。但她也意識到，上海再好也只是『泰坦尼克號的頭等艙』。」

當四月之聲再次響起時，上海早已沒了去年封城時的種種慘狀，如今整個城市在甦醒，疫情的痕跡也被抹除地乾乾淨淨。https://t.co/qgu7…"
1641006346018643968,2023-03-29T09:16:15.000Z,1307683242653265921,"RT @yerbol_yezhen: 大疫情3年， 东突厥斯坦封城政策远比内地严格。 乌鲁木齐和伊宁每年都要封， 每次都是几个月。 只要不是在事业单位或者国企， 大批汉人都已经逃离东突厥斯坦， 大火之后尤甚。 

兵团种棉花的汉人日子更是难过。 美国制裁“新疆棉”的法律正在逐渐…",1641006346018643968,['1641006346018643968'],SamBlazkowicz," 大疫情3年， 东突厥斯坦封城政策远比内地严格。 乌鲁木齐和伊宁每年都要封， 每次都是几个月。 只要不是在事业单位或者国企， 大批汉人都已经逃离东突厥斯坦， 大火之后尤甚。 

兵团种棉花的汉人日子更是难过。 美国制裁“新疆棉”的法律正在逐渐…"
1641005757280964608,2023-03-29T09:13:55.000Z,3026990185,"RT @yerbol_yezhen: 大疫情3年， 东突厥斯坦封城政策远比内地严格。 乌鲁木齐和伊宁每年都要封， 每次都是几个月。 只要不是在事业单位或者国企， 大批汉人都已经逃离东突厥斯坦， 大火之后尤甚。 

兵团种棉花的汉人日子更是难过。 美国制裁“新疆棉”的法律正在逐渐…",1641005757280964608,['1641005757280964608'],HKokbore," 大疫情3年， 东突厥斯坦封城政策远比内地严格。 乌鲁木齐和伊宁每年都要封， 每次都是几个月。 只要不是在事业单位或者国企， 大批汉人都已经逃离东突厥斯坦， 大火之后尤甚。 

兵团种棉花的汉人日子更是难过。 美国制裁“新疆棉”的法律正在逐渐…"
1640990698571743233,2023-03-29T08:14:05.000Z,1338880777,"RT @initiumnews: 「徐秋依然覺得它是中國最好、最適合生活的城市。但她也意識到，上海再好也只是『泰坦尼克號的頭等艙』。」

當四月之聲再次響起時，上海早已沒了去年封城時的種種慘狀，如今整個城市在甦醒，疫情的痕跡也被抹除地乾乾淨淨。https://t.co/qgu7…",1640990698571743233,['1640990698571743233'],wsyyzqflbzzy," 「徐秋依然覺得它是中國最好、最適合生活的城市。但她也意識到，上海再好也只是『泰坦尼克號的頭等艙』。」

當四月之聲再次響起時，上海早已沒了去年封城時的種種慘狀，如今整個城市在甦醒，疫情的痕跡也被抹除地乾乾淨淨。https://t.co/qgu7…"
1640990037243473921,2023-03-29T08:11:27.000Z,1602863020438585345,"RT @initiumnews: 「徐秋依然覺得它是中國最好、最適合生活的城市。但她也意識到，上海再好也只是『泰坦尼克號的頭等艙』。」

當四月之聲再次響起時，上海早已沒了去年封城時的種種慘狀，如今整個城市在甦醒，疫情的痕跡也被抹除地乾乾淨淨。https://t.co/qgu7…",1640990037243473921,['1640990037243473921'],HSabrinle," 「徐秋依然覺得它是中國最好、最適合生活的城市。但她也意識到，上海再好也只是『泰坦尼克號的頭等艙』。」

當四月之聲再次響起時，上海早已沒了去年封城時的種種慘狀，如今整個城市在甦醒，疫情的痕跡也被抹除地乾乾淨淨。https://t.co/qgu7…"
1640985480782131200,2023-03-29T07:53:21.000Z,111903594,"RT @initiumnews: 「徐秋依然覺得它是中國最好、最適合生活的城市。但她也意識到，上海再好也只是『泰坦尼克號的頭等艙』。」

當四月之聲再次響起時，上海早已沒了去年封城時的種種慘狀，如今整個城市在甦醒，疫情的痕跡也被抹除地乾乾淨淨。https://t.co/qgu7…",1640985480782131200,['1640985480782131200'],sweetchopin," 「徐秋依然覺得它是中國最好、最適合生活的城市。但她也意識到，上海再好也只是『泰坦尼克號的頭等艙』。」

當四月之聲再次響起時，上海早已沒了去年封城時的種種慘狀，如今整個城市在甦醒，疫情的痕跡也被抹除地乾乾淨淨。https://t.co/qgu7…"
1640973733375651841,2023-03-29T07:06:40.000Z,1220023920234942465,"RT @initiumnews: 「徐秋依然覺得它是中國最好、最適合生活的城市。但她也意識到，上海再好也只是『泰坦尼克號的頭等艙』。」

當四月之聲再次響起時，上海早已沒了去年封城時的種種慘狀，如今整個城市在甦醒，疫情的痕跡也被抹除地乾乾淨淨。https://t.co/qgu7…",1640973733375651841,['1640973733375651841'],dumujingxian," 「徐秋依然覺得它是中國最好、最適合生活的城市。但她也意識到，上海再好也只是『泰坦尼克號的頭等艙』。」

當四月之聲再次響起時，上海早已沒了去年封城時的種種慘狀，如今整個城市在甦醒，疫情的痕跡也被抹除地乾乾淨淨。https://t.co/qgu7…"
1640973418576379904,2023-03-29T07:05:25.000Z,111903594,"RT @yerbol_yezhen: 大疫情3年， 东突厥斯坦封城政策远比内地严格。 乌鲁木齐和伊宁每年都要封， 每次都是几个月。 只要不是在事业单位或者国企， 大批汉人都已经逃离东突厥斯坦， 大火之后尤甚。 

兵团种棉花的汉人日子更是难过。 美国制裁“新疆棉”的法律正在逐渐…",1640973418576379904,['1640973418576379904'],sweetchopin," 大疫情3年， 东突厥斯坦封城政策远比内地严格。 乌鲁木齐和伊宁每年都要封， 每次都是几个月。 只要不是在事业单位或者国企， 大批汉人都已经逃离东突厥斯坦， 大火之后尤甚。 

兵团种棉花的汉人日子更是难过。 美国制裁“新疆棉”的法律正在逐渐…"
1640971916889694208,2023-03-29T06:59:27.000Z,1162532347276738562,"RT @yerbol_yezhen: 大疫情3年， 东突厥斯坦封城政策远比内地严格。 乌鲁木齐和伊宁每年都要封， 每次都是几个月。 只要不是在事业单位或者国企， 大批汉人都已经逃离东突厥斯坦， 大火之后尤甚。 

兵团种棉花的汉人日子更是难过。 美国制裁“新疆棉”的法律正在逐渐…",1640971916889694208,['1640971916889694208'],sanzhao41," 大疫情3年， 东突厥斯坦封城政策远比内地严格。 乌鲁木齐和伊宁每年都要封， 每次都是几个月。 只要不是在事业单位或者国企， 大批汉人都已经逃离东突厥斯坦， 大火之后尤甚。 

兵团种棉花的汉人日子更是难过。 美国制裁“新疆棉”的法律正在逐渐…"
1640967199279185920,2023-03-29T06:40:42.000Z,1302265414018162688,"RT @initiumnews: 「徐秋依然覺得它是中國最好、最適合生活的城市。但她也意識到，上海再好也只是『泰坦尼克號的頭等艙』。」

當四月之聲再次響起時，上海早已沒了去年封城時的種種慘狀，如今整個城市在甦醒，疫情的痕跡也被抹除地乾乾淨淨。https://t.co/qgu7…",1640967199279185920,['1640967199279185920'],Snowinger2," 「徐秋依然覺得它是中國最好、最適合生活的城市。但她也意識到，上海再好也只是『泰坦尼克號的頭等艙』。」

當四月之聲再次響起時，上海早已沒了去年封城時的種種慘狀，如今整個城市在甦醒，疫情的痕跡也被抹除地乾乾淨淨。https://t.co/qgu7…"
1640963868917678081,2023-03-29T06:27:28.000Z,1141836296903692289,"RT @initiumnews: 「徐秋依然覺得它是中國最好、最適合生活的城市。但她也意識到，上海再好也只是『泰坦尼克號的頭等艙』。」

當四月之聲再次響起時，上海早已沒了去年封城時的種種慘狀，如今整個城市在甦醒，疫情的痕跡也被抹除地乾乾淨淨。https://t.co/qgu7…",1640963868917678081,['1640963868917678081'],fanhua89," 「徐秋依然覺得它是中國最好、最適合生活的城市。但她也意識到，上海再好也只是『泰坦尼克號的頭等艙』。」

當四月之聲再次響起時，上海早已沒了去年封城時的種種慘狀，如今整個城市在甦醒，疫情的痕跡也被抹除地乾乾淨淨。https://t.co/qgu7…"
1640963709882478592,2023-03-29T06:26:50.000Z,1163652005203570688,"RT @initiumnews: 「徐秋依然覺得它是中國最好、最適合生活的城市。但她也意識到，上海再好也只是『泰坦尼克號的頭等艙』。」

當四月之聲再次響起時，上海早已沒了去年封城時的種種慘狀，如今整個城市在甦醒，疫情的痕跡也被抹除地乾乾淨淨。https://t.co/qgu7…",1640963709882478592,['1640963709882478592'],MrBBfBD31K7JY2B," 「徐秋依然覺得它是中國最好、最適合生活的城市。但她也意識到，上海再好也只是『泰坦尼克號的頭等艙』。」

當四月之聲再次響起時，上海早已沒了去年封城時的種種慘狀，如今整個城市在甦醒，疫情的痕跡也被抹除地乾乾淨淨。https://t.co/qgu7…"
1640960109416423425,2023-03-29T06:12:32.000Z,764009141140492288,"RT @initiumnews: 「徐秋依然覺得它是中國最好、最適合生活的城市。但她也意識到，上海再好也只是『泰坦尼克號的頭等艙』。」

當四月之聲再次響起時，上海早已沒了去年封城時的種種慘狀，如今整個城市在甦醒，疫情的痕跡也被抹除地乾乾淨淨。https://t.co/qgu7…",1640960109416423425,['1640960109416423425'],mixandua," 「徐秋依然覺得它是中國最好、最適合生活的城市。但她也意識到，上海再好也只是『泰坦尼克號的頭等艙』。」

當四月之聲再次響起時，上海早已沒了去年封城時的種種慘狀，如今整個城市在甦醒，疫情的痕跡也被抹除地乾乾淨淨。https://t.co/qgu7…"
1640955147734982657,2023-03-29T05:52:49.000Z,35148873,"RT @initiumnews: 「徐秋依然覺得它是中國最好、最適合生活的城市。但她也意識到，上海再好也只是『泰坦尼克號的頭等艙』。」

當四月之聲再次響起時，上海早已沒了去年封城時的種種慘狀，如今整個城市在甦醒，疫情的痕跡也被抹除地乾乾淨淨。https://t.co/qgu7…",1640955147734982657,['1640955147734982657'],ididwy," 「徐秋依然覺得它是中國最好、最適合生活的城市。但她也意識到，上海再好也只是『泰坦尼克號的頭等艙』。」

當四月之聲再次響起時，上海早已沒了去年封城時的種種慘狀，如今整個城市在甦醒，疫情的痕跡也被抹除地乾乾淨淨。https://t.co/qgu7…"
1640948277976891392,2023-03-29T05:25:31.000Z,1499736887476748296,"RT @initiumnews: 「徐秋依然覺得它是中國最好、最適合生活的城市。但她也意識到，上海再好也只是『泰坦尼克號的頭等艙』。」

當四月之聲再次響起時，上海早已沒了去年封城時的種種慘狀，如今整個城市在甦醒，疫情的痕跡也被抹除地乾乾淨淨。https://t.co/qgu7…",1640948277976891392,['1640948277976891392'],ArtistSuper3," 「徐秋依然覺得它是中國最好、最適合生活的城市。但她也意識到，上海再好也只是『泰坦尼克號的頭等艙』。」

當四月之聲再次響起時，上海早已沒了去年封城時的種種慘狀，如今整個城市在甦醒，疫情的痕跡也被抹除地乾乾淨淨。https://t.co/qgu7…"
1640946469598375937,2023-03-29T05:18:20.000Z,1284513869713379328,"RT @yerbol_yezhen: 大疫情3年， 东突厥斯坦封城政策远比内地严格。 乌鲁木齐和伊宁每年都要封， 每次都是几个月。 只要不是在事业单位或者国企， 大批汉人都已经逃离东突厥斯坦， 大火之后尤甚。 

兵团种棉花的汉人日子更是难过。 美国制裁“新疆棉”的法律正在逐渐…",1640946469598375937,['1640946469598375937'],BraveNewChina64," 大疫情3年， 东突厥斯坦封城政策远比内地严格。 乌鲁木齐和伊宁每年都要封， 每次都是几个月。 只要不是在事业单位或者国企， 大批汉人都已经逃离东突厥斯坦， 大火之后尤甚。 

兵团种棉花的汉人日子更是难过。 美国制裁“新疆棉”的法律正在逐渐…"
1640942204075261954,2023-03-29T05:01:23.000Z,719886930339635204,"RT @initiumnews: 「徐秋依然覺得它是中國最好、最適合生活的城市。但她也意識到，上海再好也只是『泰坦尼克號的頭等艙』。」

當四月之聲再次響起時，上海早已沒了去年封城時的種種慘狀，如今整個城市在甦醒，疫情的痕跡也被抹除地乾乾淨淨。https://t.co/qgu7…",1640942204075261954,['1640942204075261954'],YansLoon," 「徐秋依然覺得它是中國最好、最適合生活的城市。但她也意識到，上海再好也只是『泰坦尼克號的頭等艙』。」

當四月之聲再次響起時，上海早已沒了去年封城時的種種慘狀，如今整個城市在甦醒，疫情的痕跡也被抹除地乾乾淨淨。https://t.co/qgu7…"
1640941198360838145,2023-03-29T04:57:23.000Z,4702957434,"RT @initiumnews: 「徐秋依然覺得它是中國最好、最適合生活的城市。但她也意識到，上海再好也只是『泰坦尼克號的頭等艙』。」

當四月之聲再次響起時，上海早已沒了去年封城時的種種慘狀，如今整個城市在甦醒，疫情的痕跡也被抹除地乾乾淨淨。https://t.co/qgu7…",1640941198360838145,['1640941198360838145'],Snow_Ukn," 「徐秋依然覺得它是中國最好、最適合生活的城市。但她也意識到，上海再好也只是『泰坦尼克號的頭等艙』。」

當四月之聲再次響起時，上海早已沒了去年封城時的種種慘狀，如今整個城市在甦醒，疫情的痕跡也被抹除地乾乾淨淨。https://t.co/qgu7…"
1640937538687848448,2023-03-29T04:42:51.000Z,781226534552031232,"大疫情3年， 东突厥斯坦封城政策远比内地严格。 乌鲁木齐和伊宁每年都要封， 每次都是几个月。 只要不是在事业单位或者国企， 大批汉人都已经逃离东突厥斯坦， 大火之后尤甚。 

兵团种棉花的汉人日子更是难过。 美国制裁“新疆棉”的法律正在逐渐生效。 

乌鲁木齐的汉人都在哀叹： 装修民工找不到！ https://t.co/CMThTopEqU",1640937538687848448,['1640937538687848448'],yerbol_yezhen,"大疫情3年， 东突厥斯坦封城政策远比内地严格。 乌鲁木齐和伊宁每年都要封， 每次都是几个月。 只要不是在事业单位或者国企， 大批汉人都已经逃离东突厥斯坦， 大火之后尤甚。 

兵团种棉花的汉人日子更是难过。 美国制裁“新疆棉”的法律正在逐渐生效。 

乌鲁木齐的汉人都在哀叹： 装修民工找不到！ https://t.co/CMThTopEqU"
1640933231532056582,2023-03-29T04:25:44.000Z,1072997660833894405,"RT @initiumnews: 「徐秋依然覺得它是中國最好、最適合生活的城市。但她也意識到，上海再好也只是『泰坦尼克號的頭等艙』。」

當四月之聲再次響起時，上海早已沒了去年封城時的種種慘狀，如今整個城市在甦醒，疫情的痕跡也被抹除地乾乾淨淨。https://t.co/qgu7…",1640933231532056582,['1640933231532056582'],JinRan19," 「徐秋依然覺得它是中國最好、最適合生活的城市。但她也意識到，上海再好也只是『泰坦尼克號的頭等艙』。」

當四月之聲再次響起時，上海早已沒了去年封城時的種種慘狀，如今整個城市在甦醒，疫情的痕跡也被抹除地乾乾淨淨。https://t.co/qgu7…"
1640925463035142144,2023-03-29T03:54:51.000Z,2788078109,"RT @initiumnews: 「徐秋依然覺得它是中國最好、最適合生活的城市。但她也意識到，上海再好也只是『泰坦尼克號的頭等艙』。」

當四月之聲再次響起時，上海早已沒了去年封城時的種種慘狀，如今整個城市在甦醒，疫情的痕跡也被抹除地乾乾淨淨。https://t.co/qgu7…",1640925463035142144,['1640925463035142144'],hkdemonow," 「徐秋依然覺得它是中國最好、最適合生活的城市。但她也意識到，上海再好也只是『泰坦尼克號的頭等艙』。」

當四月之聲再次響起時，上海早已沒了去年封城時的種種慘狀，如今整個城市在甦醒，疫情的痕跡也被抹除地乾乾淨淨。https://t.co/qgu7…"
1640919088884256768,2023-03-29T03:29:32.000Z,307298465,"RT @initiumnews: 「徐秋依然覺得它是中國最好、最適合生活的城市。但她也意識到，上海再好也只是『泰坦尼克號的頭等艙』。」

當四月之聲再次響起時，上海早已沒了去年封城時的種種慘狀，如今整個城市在甦醒，疫情的痕跡也被抹除地乾乾淨淨。https://t.co/qgu7…",1640919088884256768,['1640919088884256768'],fawkes4," 「徐秋依然覺得它是中國最好、最適合生活的城市。但她也意識到，上海再好也只是『泰坦尼克號的頭等艙』。」

當四月之聲再次響起時，上海早已沒了去年封城時的種種慘狀，如今整個城市在甦醒，疫情的痕跡也被抹除地乾乾淨淨。https://t.co/qgu7…"
1640918969103314946,2023-03-29T03:29:03.000Z,1603607019608764416,"RT @initiumnews: 「徐秋依然覺得它是中國最好、最適合生活的城市。但她也意識到，上海再好也只是『泰坦尼克號的頭等艙』。」

當四月之聲再次響起時，上海早已沒了去年封城時的種種慘狀，如今整個城市在甦醒，疫情的痕跡也被抹除地乾乾淨淨。https://t.co/qgu7…",1640918969103314946,['1640918969103314946'],RoggrJ," 「徐秋依然覺得它是中國最好、最適合生活的城市。但她也意識到，上海再好也只是『泰坦尼克號的頭等艙』。」

當四月之聲再次響起時，上海早已沒了去年封城時的種種慘狀，如今整個城市在甦醒，疫情的痕跡也被抹除地乾乾淨淨。https://t.co/qgu7…"
1640909228306231297,2023-03-29T02:50:21.000Z,1963702566,"RT @initiumnews: 「徐秋依然覺得它是中國最好、最適合生活的城市。但她也意識到，上海再好也只是『泰坦尼克號的頭等艙』。」

當四月之聲再次響起時，上海早已沒了去年封城時的種種慘狀，如今整個城市在甦醒，疫情的痕跡也被抹除地乾乾淨淨。https://t.co/qgu7…",1640909228306231297,['1640909228306231297'],Cocoa_no_limit," 「徐秋依然覺得它是中國最好、最適合生活的城市。但她也意識到，上海再好也只是『泰坦尼克號的頭等艙』。」

當四月之聲再次響起時，上海早已沒了去年封城時的種種慘狀，如今整個城市在甦醒，疫情的痕跡也被抹除地乾乾淨淨。https://t.co/qgu7…"
1640907025512296448,2023-03-29T02:41:36.000Z,18680121,"RT @initiumnews: 「徐秋依然覺得它是中國最好、最適合生活的城市。但她也意識到，上海再好也只是『泰坦尼克號的頭等艙』。」

當四月之聲再次響起時，上海早已沒了去年封城時的種種慘狀，如今整個城市在甦醒，疫情的痕跡也被抹除地乾乾淨淨。https://t.co/qgu7…",1640907025512296448,['1640907025512296448'],abc1230," 「徐秋依然覺得它是中國最好、最適合生活的城市。但她也意識到，上海再好也只是『泰坦尼克號的頭等艙』。」

當四月之聲再次響起時，上海早已沒了去年封城時的種種慘狀，如今整個城市在甦醒，疫情的痕跡也被抹除地乾乾淨淨。https://t.co/qgu7…"
1640904218004570113,2023-03-29T02:30:26.000Z,166776293,"RT @initiumnews: 「徐秋依然覺得它是中國最好、最適合生活的城市。但她也意識到，上海再好也只是『泰坦尼克號的頭等艙』。」

當四月之聲再次響起時，上海早已沒了去年封城時的種種慘狀，如今整個城市在甦醒，疫情的痕跡也被抹除地乾乾淨淨。https://t.co/qgu7…",1640904218004570113,['1640904218004570113'],AyaneRisaMiku," 「徐秋依然覺得它是中國最好、最適合生活的城市。但她也意識到，上海再好也只是『泰坦尼克號的頭等艙』。」

當四月之聲再次響起時，上海早已沒了去年封城時的種種慘狀，如今整個城市在甦醒，疫情的痕跡也被抹除地乾乾淨淨。https://t.co/qgu7…"
1640903481476411392,2023-03-29T02:27:31.000Z,145850805,"RT @initiumnews: 「徐秋依然覺得它是中國最好、最適合生活的城市。但她也意識到，上海再好也只是『泰坦尼克號的頭等艙』。」

當四月之聲再次響起時，上海早已沒了去年封城時的種種慘狀，如今整個城市在甦醒，疫情的痕跡也被抹除地乾乾淨淨。https://t.co/qgu7…",1640903481476411392,['1640903481476411392'],imoscw," 「徐秋依然覺得它是中國最好、最適合生活的城市。但她也意識到，上海再好也只是『泰坦尼克號的頭等艙』。」

當四月之聲再次響起時，上海早已沒了去年封城時的種種慘狀，如今整個城市在甦醒，疫情的痕跡也被抹除地乾乾淨淨。https://t.co/qgu7…"
1640902920118960128,2023-03-29T02:25:17.000Z,893536691109089284,"RT @initiumnews: 「徐秋依然覺得它是中國最好、最適合生活的城市。但她也意識到，上海再好也只是『泰坦尼克號的頭等艙』。」

當四月之聲再次響起時，上海早已沒了去年封城時的種種慘狀，如今整個城市在甦醒，疫情的痕跡也被抹除地乾乾淨淨。https://t.co/qgu7…",1640902920118960128,['1640902920118960128'],kongweixuan," 「徐秋依然覺得它是中國最好、最適合生活的城市。但她也意識到，上海再好也只是『泰坦尼克號的頭等艙』。」

當四月之聲再次響起時，上海早已沒了去年封城時的種種慘狀，如今整個城市在甦醒，疫情的痕跡也被抹除地乾乾淨淨。https://t.co/qgu7…"
1640901972512391170,2023-03-29T02:21:31.000Z,1169092964766773250,"RT @initiumnews: 「徐秋依然覺得它是中國最好、最適合生活的城市。但她也意識到，上海再好也只是『泰坦尼克號的頭等艙』。」

當四月之聲再次響起時，上海早已沒了去年封城時的種種慘狀，如今整個城市在甦醒，疫情的痕跡也被抹除地乾乾淨淨。https://t.co/qgu7…",1640901972512391170,['1640901972512391170'],zhiyi888," 「徐秋依然覺得它是中國最好、最適合生活的城市。但她也意識到，上海再好也只是『泰坦尼克號的頭等艙』。」

當四月之聲再次響起時，上海早已沒了去年封城時的種種慘狀，如今整個城市在甦醒，疫情的痕跡也被抹除地乾乾淨淨。https://t.co/qgu7…"
1640899045207179265,2023-03-29T02:09:53.000Z,3232393554,"「徐秋依然覺得它是中國最好、最適合生活的城市。但她也意識到，上海再好也只是『泰坦尼克號的頭等艙』。」

當四月之聲再次響起時，上海早已沒了去年封城時的種種慘狀，如今整個城市在甦醒，疫情的痕跡也被抹除地乾乾淨淨。https://t.co/qgu7kFKzVz",1640899045207179265,['1640899045207179265'],initiumnews,"「徐秋依然覺得它是中國最好、最適合生活的城市。但她也意識到，上海再好也只是『泰坦尼克號的頭等艙』。」

當四月之聲再次響起時，上海早已沒了去年封城時的種種慘狀，如今整個城市在甦醒，疫情的痕跡也被抹除地乾乾淨淨。https://t.co/qgu7kFKzVz"
1640829905175990272,2023-03-28T21:35:09.000Z,1292453432092106753,真的搞笑吧，我记得马云和习一样都是跟随了十年左右政经成功学的人，不管是不是一派，跟着别人会有希望？跟着他成功学十年了你们房贷还完了？工资涨了？疫情不封城了？敢上街喊民主自由了？他自己都保不了会带中国人民主化？ https://t.co/0JPthbHgRt,1640829905175990272,['1640829905175990272'],cummeratatom47,真的搞笑吧，我记得马云和习一样都是跟随了十年左右政经成功学的人，不管是不是一派，跟着别人会有希望？跟着他成功学十年了你们房贷还完了？工资涨了？疫情不封城了？敢上街喊民主自由了？他自己都保不了会带中国人民主化？ https://t.co/0JPthbHgRt
1640750556305317888,2023-03-28T16:19:50.000Z,898956496641245184,"23/0329/三/多云/21-7
最初知道“动物凶猛”是它名字很潮。酒吧靠我家很近。几年前，有次被朋友拉去宵夜。那次喝太猛，很快要醉，赶紧一个人溜回家了。后听说房租暴涨，酒吧挪去了附近的巷子，就没再去过。
记得那晚碰见老板，他还从兜里摸出把十孔琴，说正在学。后来疫情封城，再后来就没有后来了。☹️😱 https://t.co/P8Wly0ixn6",1640750556305317888,['1640750556305317888'],lspk_cn,"23/0329/三/多云/21-7
最初知道“动物凶猛”是它名字很潮。酒吧靠我家很近。几年前，有次被朋友拉去宵夜。那次喝太猛，很快要醉，赶紧一个人溜回家了。后听说房租暴涨，酒吧挪去了附近的巷子，就没再去过。
记得那晚碰见老板，他还从兜里摸出把十孔琴，说正在学。后来疫情封城，再后来就没有后来了。☹️😱 https://t.co/P8Wly0ixn6"
1640747133753081856,2023-03-28T16:06:14.000Z,1238831198513831938,疫情第三个年头上海封城了，疫苗打了两年，带货院士推荐的特效药、牛奶也吃了，这时候还要喊着封城才是胡闹。奥密克戎传播性这么强，封城能有什么用？把人憋在家里，食品严重短缺，食品价格疯涨，有病得不到医治，白卫兵疯狂……事实上病毒是永远无法清零的。 https://t.co/8dZPdyi904,1640747133753081856,['1640747133753081856'],CAPy9iUiGOJqqFG,疫情第三个年头上海封城了，疫苗打了两年，带货院士推荐的特效药、牛奶也吃了，这时候还要喊着封城才是胡闹。奥密克戎传播性这么强，封城能有什么用？把人憋在家里，食品严重短缺，食品价格疯涨，有病得不到医治，白卫兵疯狂……事实上病毒是永远无法清零的。 https://t.co/8dZPdyi904
1626469821369155584,2023-03-28T09:26:26.000Z,1638127254340509696,@Martina11968266 @hanwudiliuche2 @MoQiong_Black @LimuyTayal @JoeHsuTaiwan @skyx19433 @pqio0819 @aa159aa753 @Santiago303050 @TjrtgSgerh @CatMaid_Love_00 @dieghost16 @JunPatrol @MetaluciferY @WeAreTaiwanNo_1 @yumio99 @Bruce08101 @Peter61397 @FTD03041005 @Michaelhsinchu @Adniye33226758 @duive3 @greentea8266 @Destiny78098243 @sadi3540 @Cherry999_lin @AceAlbert2022 @AnnnnnaAnnnnnna @Eulalia31345863 @reborn_captain @HirohitoNSJP @angaventure @zimmer724102 @mzdgnm1893 @yumiosusu @a_o_p_477 @shadowi94764835 @momoxiaoyu07 @cndc12734422 @yfi68878926 @andyHo86601579 @xiaoxuemeimei22 @aa_009876 @LaqiTayalgo @huskypuppies111 @FrancesWesley14 @ice31004 @paratrooperMk02 @BoXiLai6324 @shagm888 上海封城的四月之聲你噴過習近平半句？肺炎疫情三年這麼多不能看病的次生災害你噴過習近平半句？你不要說沒有次生災害啊~,1640646517693485061,['1640646517693485061'],StarsWalke84446,@Martina11968266 @hanwudiliuche2 @MoQiong_Black @LimuyTayal @JoeHsuTaiwan @skyx19433 @pqio0819 @aa159aa753 @Santiago303050 @TjrtgSgerh @CatMaid_Love_00 @dieghost16 @JunPatrol @MetaluciferY @WeAreTaiwanNo_1 @yumio99 @Bruce08101 @Peter61397 @FTD03041005 @Michaelhsinchu @Adniye33226758 @duive3 @greentea8266 @Destiny78098243 @sadi3540 @Cherry999_lin @AceAlbert2022 @AnnnnnaAnnnnnna @Eulalia31345863 @reborn_captain @HirohitoNSJP @angaventure @zimmer724102 @mzdgnm1893 @yumiosusu @a_o_p_477 @shadowi94764835 @momoxiaoyu07 @cndc12734422 @yfi68878926 @andyHo86601579 @xiaoxuemeimei22 @aa_009876 @LaqiTayalgo @huskypuppies111 @FrancesWesley14 @ice31004 @paratrooperMk02 @BoXiLai6324 @shagm888 上海封城的四月之聲你噴過習近平半句？肺炎疫情三年這麼多不能看病的次生災害你噴過習近平半句？你不要說沒有次生災害啊~
1639795850779176961,2023-03-28T03:03:48.000Z,1455780412358213635,"@steven_OpenAI @XflJasmine 這樣是三贏的局面嗎？
  可惜李文亮醫生們，享受不到
     從2022年的月23日 武漢市封城，統計 “美國“因為疫情死亡重傷人數好厲害， 現在仍然繼續統計中
 反觀中國共產黨，從來不公布統計數目
 實在是雙標

你確證明 ， 中華民國有斷交部的部長，有邦交國，有軍隊，有貨幣 領土 主權，有投票權的 人民",1640550227823452161,['1640550227823452161'],2018Set,"@steven_OpenAI @XflJasmine 這樣是三贏的局面嗎？
  可惜李文亮醫生們，享受不到
     從2022年的月23日 武漢市封城，統計 “美國“因為疫情死亡重傷人數好厲害， 現在仍然繼續統計中
 反觀中國共產黨，從來不公布統計數目
 實在是雙標

你確證明 ， 中華民國有斷交部的部長，有邦交國，有軍隊，有貨幣 領土 主權，有投票權的 人民"
1640545155404144640,2023-03-28T02:43:39.000Z,1156108107124133888,"RT @HARVEST68646224: 【傷腦筋的時候就吃咖哩】
那年春天，疫情在臺灣突發猛進，第一次嘗到了自主封城的滋味。避開人潮、足不出戶，靠著和小農訂購時鮮蔬果，一家三口蝸居山林住所長達好幾週的時間。在好友的建議下，我第一次嘗試在社區裡賣起餐盒
https://t.co…",1640545155404144640,['1640545155404144640'],TryBeCare," 【傷腦筋的時候就吃咖哩】
那年春天，疫情在臺灣突發猛進，第一次嘗到了自主封城的滋味。避開人潮、足不出戶，靠著和小農訂購時鮮蔬果，一家三口蝸居山林住所長達好幾週的時間。在好友的建議下，我第一次嘗試在社區裡賣起餐盒
https://t.co…"
1640117087309004800,2023-03-28T01:41:06.000Z,978226650872627205,@timoskyflan 央国企校招不考虑吗？对口专业在我这实习7000，转正9000，三年后普遍在13000-15000，这还是已经扣除五险一金的，朝九晚五一周双休，疫情封城工资照发，年终按职位6w-50w不等,1640529414357233664,['1640529414357233664'],ichocolate15,@timoskyflan 央国企校招不考虑吗？对口专业在我这实习7000，转正9000，三年后普遍在13000-15000，这还是已经扣除五险一金的，朝九晚五一周双休，疫情封城工资照发，年终按职位6w-50w不等
1640511520680603648,2023-03-28T00:30:00.000Z,1484366032185982987,"【傷腦筋的時候就吃咖哩】
那年春天，疫情在臺灣突發猛進，第一次嘗到了自主封城的滋味。避開人潮、足不出戶，靠著和小農訂購時鮮蔬果，一家三口蝸居山林住所長達好幾週的時間。在好友的建議下，我第一次嘗試在社區裡賣起餐盒
https://t.co/PPwW71Pg9j
（重點是，雜誌裡有食譜啊……）",1640511520680603648,['1640511520680603648'],HARVEST68646224,"【傷腦筋的時候就吃咖哩】
那年春天，疫情在臺灣突發猛進，第一次嘗到了自主封城的滋味。避開人潮、足不出戶，靠著和小農訂購時鮮蔬果，一家三口蝸居山林住所長達好幾週的時間。在好友的建議下，我第一次嘗試在社區裡賣起餐盒
https://t.co/PPwW71Pg9j
（重點是，雜誌裡有食譜啊……）"
1640470062506315780,2023-03-27T21:45:16.000Z,1255337954886791171,"RT @DianWuxiaohao: 1.5w粉福利🌈
疫情封城封校一个学期后
第一次啪啪啪😭
和我的宝贝哥哥🥰
刚插进来的时候宝贝哥哥都说我紧了不少
检测完确认安全后 #无套 
被宝贝哥哥直接 #无套内射 
宝贝哥哥也是憋了很久没啪啪啪
最后拔出来，直接流了一地精
转发点赞私…",1640470062506315780,['1640470062506315780'],www52427369," 1.5w粉福利🌈
疫情封城封校一个学期后
第一次啪啪啪😭
和我的宝贝哥哥🥰
刚插进来的时候宝贝哥哥都说我紧了不少
检测完确认安全后 #无套 
被宝贝哥哥直接 #无套内射 
宝贝哥哥也是憋了很久没啪啪啪
最后拔出来，直接流了一地精
转发点赞私…"
1636899985638711297,2023-03-27T21:36:19.000Z,1486400402966917120,"@91PSRuaDhdeBXfS @Theskys25675511 疫情给西方发达经济的印象比对中国的印象小。

中国是世界的工厂，GDP的一大组成部分是出口货物。

上海封城之后所有轻工业工厂全部停工，航班全部取消。不是经济不好，是经济都没有了！！",1640467811683401728,['1640467811683401728'],luzuocheng12,"@91PSRuaDhdeBXfS @Theskys25675511 疫情给西方发达经济的印象比对中国的印象小。

中国是世界的工厂，GDP的一大组成部分是出口货物。

上海封城之后所有轻工业工厂全部停工，航班全部取消。不是经济不好，是经济都没有了！！"
1640412822726377473,2023-03-27T17:57:48.000Z,1451834250492186624,"RT @yaoniangmao: 这边的富人孩子在追漫，在咖啡厅喝咖啡，悠闲地翻阅图书，然后住在带游泳池的大house，过着美好的生活。

但如果你是普通人，你是生活在中国，一个在疫情期间给上海封城造成挨饿的地方（同时上海掌权的人在BBQ），一个河南农村卖血导致全村艾滋的地方，…",1640412822726377473,['1640412822726377473'],F4bpjTNRZHnzwej," 这边的富人孩子在追漫，在咖啡厅喝咖啡，悠闲地翻阅图书，然后住在带游泳池的大house，过着美好的生活。

但如果你是普通人，你是生活在中国，一个在疫情期间给上海封城造成挨饿的地方（同时上海掌权的人在BBQ），一个河南农村卖血导致全村艾滋的地方，…"
1640378908460630018,2023-03-27T15:43:03.000Z,91661819,"RT @caichu88: 创办了这所招收就读幼稚园至高中生的学校。
路透社周一报道说，在中国民营企业遭遇当局两年多监管整肃之后，中国最知名的企业家马云返国可能会帮助缓解一下忧虑。在新任领导层试图复苏遭受三年疫情严厉封城封控重创的经济之际，他的公开现身为政府对民营企业缓和调门提…",1640378908460630018,['1640378908460630018'],caichu88," 创办了这所招收就读幼稚园至高中生的学校。
路透社周一报道说，在中国民营企业遭遇当局两年多监管整肃之后，中国最知名的企业家马云返国可能会帮助缓解一下忧虑。在新任领导层试图复苏遭受三年疫情严厉封城封控重创的经济之际，他的公开现身为政府对民营企业缓和调门提…"
1640373924880871424,2023-03-27T15:42:57.000Z,91661819,"创办了这所招收就读幼稚园至高中生的学校。
路透社周一报道说，在中国民营企业遭遇当局两年多监管整肃之后，中国最知名的企业家马云返国可能会帮助缓解一下忧虑。在新任领导层试图复苏遭受三年疫情严厉封城封控重创的经济之际，他的公开现身为政府对民营企业缓和调门提供了支持。报道援引两个消息来源",1640378884431441920,['1640378884431441920'],caichu88,"创办了这所招收就读幼稚园至高中生的学校。
路透社周一报道说，在中国民营企业遭遇当局两年多监管整肃之后，中国最知名的企业家马云返国可能会帮助缓解一下忧虑。在新任领导层试图复苏遭受三年疫情严厉封城封控重创的经济之际，他的公开现身为政府对民营企业缓和调门提供了支持。报道援引两个消息来源"
1640372080909881347,2023-03-27T15:15:55.000Z,91485365,RT @_ooT00Too_: 靴子落地了？【上海全市范围内开展新一轮切块式、网格化核酸筛查 https://t.co/5miwRt204q 】，“不封城，封两块区域，浦东和浦西”，“一刀切，一刀一刀切，切块！”，不管怎么样，还是要“众志成城，坚决打赢疫情战，加油上海！[拳头]…,1640372080909881347,['1640372080909881347'],_ooT00Too_, 靴子落地了？【上海全市范围内开展新一轮切块式、网格化核酸筛查 https://t.co/5miwRt204q 】，“不封城，封两块区域，浦东和浦西”，“一刀切，一刀一刀切，切块！”，不管怎么样，还是要“众志成城，坚决打赢疫情战，加油上海！[拳头]…
1640250449348513793,2023-03-27T07:12:36.000Z,982194109312978944,RT @hk2019freehk: @ihanzhan 中共從來都不把中國人的性命當回事，韓戰是死了百萬還有個數字，這次疫情，還有封城，死了多少個百萬，你知道嗎？現在的中國人，死了連數字都沒有，愛國從來都只是口號而已。,1640250449348513793,['1640250449348513793'],miefeijiuguo, @ihanzhan 中共從來都不把中國人的性命當回事，韓戰是死了百萬還有個數字，這次疫情，還有封城，死了多少個百萬，你知道嗎？現在的中國人，死了連數字都沒有，愛國從來都只是口號而已。
1640165544338010112,2023-03-27T05:41:22.000Z,1495992086641864704,@Arsene74085883 @halaxiao @hizarashi83 你看，他们长期生活在信息茧房里，那点脑仁就解析不出来，这是生化攻击，这是战争！如果没有李文亮事件这类的“泄密”，中国政府隐蔽且快速的完成封城，就能控制疫情扩散，让更多人避免感染，防止更多的人丧命，每一例武汉外溢感染死亡病例，都是他们拿馒头蘸血印在李文亮身上的血债！,1640227493121609729,['1640227493121609729'],wanwei107,@Arsene74085883 @halaxiao @hizarashi83 你看，他们长期生活在信息茧房里，那点脑仁就解析不出来，这是生化攻击，这是战争！如果没有李文亮事件这类的“泄密”，中国政府隐蔽且快速的完成封城，就能控制疫情扩散，让更多人避免感染，防止更多的人丧命，每一例武汉外溢感染死亡病例，都是他们拿馒头蘸血印在李文亮身上的血债！
1640179647676825600,2023-03-27T02:45:49.000Z,1585617309439512576,《驴得水》，抽空去看看。我说这些时还没有开始疫情封城，更没有想到泛文革很快就开始：社区负责看管居民每日的出入与核酸，甚至会对没有及时打疫苗的人上门询问原因和要求催促。我爸当时脾气上来质问社区怎么能知道个人行程等信息的，又有什么权利要求个人打不打疫苗，万一身体不舒服打了疫苗死了怎么,1640183312210862080,['1640183312210862080'],jiq046343222,《驴得水》，抽空去看看。我说这些时还没有开始疫情封城，更没有想到泛文革很快就开始：社区负责看管居民每日的出入与核酸，甚至会对没有及时打疫苗的人上门询问原因和要求催促。我爸当时脾气上来质问社区怎么能知道个人行程等信息的，又有什么权利要求个人打不打疫苗，万一身体不舒服打了疫苗死了怎么
1640166594922921984,2023-03-27T01:39:23.000Z,1599761688642863105,"RT @2021yanyan: 在沒有手機使用的年代，很難想像現在每個人手上都有一支可攜式的智慧型手機，集合了網路、電腦、照相機、錄影機、音樂播放器、手電筒等多種功能。

武漢肺炎、中共病毒、中共肺炎(新型冠狀病毒)疫情的爆發，讓人們驚訝地發現，中國的共產黨可以對待人民如此嚴苛…",1640166594922921984,['1640166594922921984'],Pureheartlove53," 在沒有手機使用的年代，很難想像現在每個人手上都有一支可攜式的智慧型手機，集合了網路、電腦、照相機、錄影機、音樂播放器、手電筒等多種功能。

武漢肺炎、中共病毒、中共肺炎(新型冠狀病毒)疫情的爆發，讓人們驚訝地發現，中國的共產黨可以對待人民如此嚴苛…"
1640142525901185026,2023-03-27T00:03:45.000Z,1225576016204029952,"RT @HAGnews01: 撰稿：XINYUAN
中共国疫情上升 山西等6省市封城

防疫真实目的就是敛财，或者是出于政治上的考虑，但即便如此，中共也没有停手的意思，哪怕收敛一下，伪装一下也不愿意，还是如此的肆意妄为，看来也真是不想让老百姓好好活下去了，有句话说的好，官逼民反…",1640142525901185026,['1640142525901185026'],earthmatterg," 撰稿：XINYUAN
中共国疫情上升 山西等6省市封城

防疫真实目的就是敛财，或者是出于政治上的考虑，但即便如此，中共也没有停手的意思，哪怕收敛一下，伪装一下也不愿意，还是如此的肆意妄为，看来也真是不想让老百姓好好活下去了，有句话说的好，官逼民反…"
1640073184052654082,2023-03-26T22:38:53.000Z,1243901117697863680,"@wuzuolai 上海疫情封城，李强用铁腕手段，饿死了多少人！！
这龟儿子与习近平缺人性，冷酷无情，还自诩德政？？
这些蠢猪们，不到人民清算那天，是天天吹，日日牛皮哄哄的！",1640121171034394628,['1640121171034394628'],Sunny66620,"@wuzuolai 上海疫情封城，李强用铁腕手段，饿死了多少人！！
这龟儿子与习近平缺人性，冷酷无情，还自诩德政？？
这些蠢猪们，不到人民清算那天，是天天吹，日日牛皮哄哄的！"
1640045917431558144,2023-03-26T17:39:51.000Z,1234587931077156865,RT @hk2019freehk: @ihanzhan 中共從來都不把中國人的性命當回事，韓戰是死了百萬還有個數字，這次疫情，還有封城，死了多少個百萬，你知道嗎？現在的中國人，死了連數字都沒有，愛國從來都只是口號而已。,1640045917431558144,['1640045917431558144'],ySxetQW3WBuoUrp, @ihanzhan 中共從來都不把中國人的性命當回事，韓戰是死了百萬還有個數字，這次疫情，還有封城，死了多少個百萬，你知道嗎？現在的中國人，死了連數字都沒有，愛國從來都只是口號而已。
1640044341224968193,2023-03-26T17:33:36.000Z,1320980116508299264,"RT @2021yanyan: 在沒有手機使用的年代，很難想像現在每個人手上都有一支可攜式的智慧型手機，集合了網路、電腦、照相機、錄影機、音樂播放器、手電筒等多種功能。

武漢肺炎、中共病毒、中共肺炎(新型冠狀病毒)疫情的爆發，讓人們驚訝地發現，中國的共產黨可以對待人民如此嚴苛…",1640044341224968193,['1640044341224968193'],JL7W6nTfFisb7Ay," 在沒有手機使用的年代，很難想像現在每個人手上都有一支可攜式的智慧型手機，集合了網路、電腦、照相機、錄影機、音樂播放器、手電筒等多種功能。

武漢肺炎、中共病毒、中共肺炎(新型冠狀病毒)疫情的爆發，讓人們驚訝地發現，中國的共產黨可以對待人民如此嚴苛…"
1640037865596899328,2023-03-26T17:07:52.000Z,975815468270407682,"3💥中共建立一套邪恶筛选机制 最低成本维系统治
🔸中共囤的粮不是给老百姓吃 是给其军警宪特吃
🔸中共的邪恶筛选机制
从计划生育开始
现在用疫情 封城 饥饿 洗脑不断筛选
筛选出的少量铜墙铁壁用来维持最低成本的社会管理和运转
朝鲜模式 饿不死 冻不死就可以了
洗脑所有苦难都是美帝造成的 https://t.co/FwhgNnpOaT https://t.co/DFfXBckV8V",1640037865596899328,['1640037865596899328'],89taobing,"3💥中共建立一套邪恶筛选机制 最低成本维系统治
🔸中共囤的粮不是给老百姓吃 是给其军警宪特吃
🔸中共的邪恶筛选机制
从计划生育开始
现在用疫情 封城 饥饿 洗脑不断筛选
筛选出的少量铜墙铁壁用来维持最低成本的社会管理和运转
朝鲜模式 饿不死 冻不死就可以了
洗脑所有苦难都是美帝造成的 https://t.co/FwhgNnpOaT https://t.co/DFfXBckV8V"
1640033714955784192,2023-03-26T16:52:41.000Z,1635910101084286976,"21年的3月崩溃了，退学了
22年疫情封城生日也没过
23年分手了，前男友在我生日给别的女的过生日",1640034044380585984,['1640034044380585984'],stuck_at_91,"21年的3月崩溃了，退学了
22年疫情封城生日也没过
23年分手了，前男友在我生日给别的女的过生日"
1639855713983008770,2023-03-26T15:06:30.000Z,2399100488,@hjh191 @NiKiTa_32156 😅中共作恶这一点共识如果没有。就不必多说了。由于条目过多过于繁杂，请自行查阅。中共侵害中国人的各种权利。对反对者残酷镇压。横征暴敛却福利低微。疫情封城一刀切，不让人正常生活。藐视人命藐视科学，搞政治。他的恶不在于做出错误决定，而是在于他决策过程中把什么东西放在天平上衡量了，如果你… https://t.co/im62cuKoTh,1640007325246259202,['1640007325246259202'],Jwang312,@hjh191 @NiKiTa_32156 😅中共作恶这一点共识如果没有。就不必多说了。由于条目过多过于繁杂，请自行查阅。中共侵害中国人的各种权利。对反对者残酷镇压。横征暴敛却福利低微。疫情封城一刀切，不让人正常生活。藐视人命藐视科学，搞政治。他的恶不在于做出错误决定，而是在于他决策过程中把什么东西放在天平上衡量了，如果你… https://t.co/im62cuKoTh
1639855713983008770,2023-03-26T14:59:26.000Z,1626227520134877188,@Jwang312 @NiKiTa_32156 中共做什么恶了？哪个国家没有黑历史？现在世界列强哪个国家没有做过恶，别一整就说作恶，有事儿说事儿，就拿疫情封城来说吧，封城，国外说不对，不要封，影响了世界经济复苏，解封，国外又说不对，有可能造成疫情冲击，影响世界经济复苏，这么做不对，那么做也不对，那得了，也懒得理会国外说啥了,1640005546525995008,['1640005546525995008'],hjh191,@Jwang312 @NiKiTa_32156 中共做什么恶了？哪个国家没有黑历史？现在世界列强哪个国家没有做过恶，别一整就说作恶，有事儿说事儿，就拿疫情封城来说吧，封城，国外说不对，不要封，影响了世界经济复苏，解封，国外又说不对，有可能造成疫情冲击，影响世界经济复苏，这么做不对，那么做也不对，那得了，也懒得理会国外说啥了
1639560847973548033,2023-03-26T12:11:07.000Z,2956982773,@MoNDefense 【隐形战争】章天亮：以习瘟猪为首的共畜流氓卖国贼反人类暴政集团，用生化病毒作为大规模毁伤性武器，发动了一场颠覆世界的隐形战争。贼黨先是有计划封锁疫情，并故意泄露武汉封城消息，迫使疫区民众携毒逃往各国，接着暗令走卒搜刮国际防疫物资，欧美因疫情爆发而猝不及防，致使伤亡和损失极其惨重。,1639963188534956034,['1639963188534956034'],Diana_Empress,@MoNDefense 【隐形战争】章天亮：以习瘟猪为首的共畜流氓卖国贼反人类暴政集团，用生化病毒作为大规模毁伤性武器，发动了一场颠覆世界的隐形战争。贼黨先是有计划封锁疫情，并故意泄露武汉封城消息，迫使疫区民众携毒逃往各国，接着暗令走卒搜刮国际防疫物资，欧美因疫情爆发而猝不及防，致使伤亡和损失极其惨重。
1639962885463105536,2023-03-26T12:09:55.000Z,1441316099862122504,"在沒有手機使用的年代，很難想像現在每個人手上都有一支可攜式的智慧型手機，集合了網路、電腦、照相機、錄影機、音樂播放器、手電筒等多種功能。

武漢肺炎、中共病毒、中共肺炎(新型冠狀病毒)疫情的爆發，讓人們驚訝地發現，中國的共產黨可以對待人民如此嚴苛。封城措施讓人民被關在家裡好幾個月，",1639962885463105536,['1639962885463105536'],2021yanyan,"在沒有手機使用的年代，很難想像現在每個人手上都有一支可攜式的智慧型手機，集合了網路、電腦、照相機、錄影機、音樂播放器、手電筒等多種功能。

武漢肺炎、中共病毒、中共肺炎(新型冠狀病毒)疫情的爆發，讓人們驚訝地發現，中國的共產黨可以對待人民如此嚴苛。封城措施讓人民被關在家裡好幾個月，"
1639795974825734145,2023-03-26T11:12:50.000Z,2956982773,@MoNDefense 【隐形战争】章天亮：以习瘟猪为首的共畜流氓卖国贼反人类暴政集团，用生化病毒作为大规模毁伤性武器，发动了一场颠覆世界的隐形战争。贼黨先是有计划封锁疫情，并故意泄露武汉封城消息，迫使疫区民众携毒逃往各国，接着暗令走卒搜刮国际防疫物资，欧美因疫情爆发而猝不及防，致使伤亡和损失极其惨重。,1639948519476809728,['1639948519476809728'],Diana_Empress,@MoNDefense 【隐形战争】章天亮：以习瘟猪为首的共畜流氓卖国贼反人类暴政集团，用生化病毒作为大规模毁伤性武器，发动了一场颠覆世界的隐形战争。贼黨先是有计划封锁疫情，并故意泄露武汉封城消息，迫使疫区民众携毒逃往各国，接着暗令走卒搜刮国际防疫物资，欧美因疫情爆发而猝不及防，致使伤亡和损失极其惨重。
1639893957911138304,2023-03-26T11:00:15.000Z,2956982773,@MoNDefense @MOFA_Taiwan 【隐形战争】章天亮：以习瘟猪为首的共畜流氓卖国贼反人类暴政集团，用生化病毒作为大规模毁伤性武器，发动了一场颠覆世界的隐形战争。贼黨先是有计划封锁疫情，并故意泄露武汉封城消息，迫使疫区民众携毒逃往各国，接着暗令走卒搜刮国际防疫物资，欧美因疫情爆发而猝不及防，致使伤亡和损失极其惨重。,1639945354085912578,['1639945354085912578'],Diana_Empress,@MoNDefense @MOFA_Taiwan 【隐形战争】章天亮：以习瘟猪为首的共畜流氓卖国贼反人类暴政集团，用生化病毒作为大规模毁伤性武器，发动了一场颠覆世界的隐形战争。贼黨先是有计划封锁疫情，并故意泄露武汉封城消息，迫使疫区民众携毒逃往各国，接着暗令走卒搜刮国际防疫物资，欧美因疫情爆发而猝不及防，致使伤亡和损失极其惨重。
1639916576852852737,2023-03-26T09:05:54.000Z,875525822,RT @hk2019freehk: @ihanzhan 中共從來都不把中國人的性命當回事，韓戰是死了百萬還有個數字，這次疫情，還有封城，死了多少個百萬，你知道嗎？現在的中國人，死了連數字都沒有，愛國從來都只是口號而已。,1639916576852852737,['1639916576852852737'],echinghist, @ihanzhan 中共從來都不把中國人的性命當回事，韓戰是死了百萬還有個數字，這次疫情，還有封城，死了多少個百萬，你知道嗎？現在的中國人，死了連數字都沒有，愛國從來都只是口號而已。
1639747879643348994,2023-03-26T05:20:49.000Z,944077875665235968,@Jessie2021626 疫情封城期間，牆國多少寵物貓狗命喪棍棒之下，生在那塊土地上的動物們太悲慘，人也一樣，那裡的人大多理解不了生命的意義，肆意凌虐人和動物太平常了,1639859932857266176,['1639859932857266176'],Jasmine62683951,@Jessie2021626 疫情封城期間，牆國多少寵物貓狗命喪棍棒之下，生在那塊土地上的動物們太悲慘，人也一樣，那裡的人大多理解不了生命的意義，肆意凌虐人和動物太平常了
1639847190335221763,2023-03-26T04:30:11.000Z,1213759274217660418,RT @hk2019freehk: @ihanzhan 中共從來都不把中國人的性命當回事，韓戰是死了百萬還有個數字，這次疫情，還有封城，死了多少個百萬，你知道嗎？現在的中國人，死了連數字都沒有，愛國從來都只是口號而已。,1639847190335221763,['1639847190335221763'],xGTVGHwiJHV4cDc, @ihanzhan 中共從來都不把中國人的性命當回事，韓戰是死了百萬還有個數字，這次疫情，還有封城，死了多少個百萬，你知道嗎？現在的中國人，死了連數字都沒有，愛國從來都只是口號而已。
1639841603945627648,2023-03-26T04:21:38.000Z,1071980496031178752,@ihanzhan 中共從來都不把中國人的性命當回事，韓戰是死了百萬還有個數字，這次疫情，還有封城，死了多少個百萬，你知道嗎？現在的中國人，死了連數字都沒有，愛國從來都只是口號而已。,1639845037759676418,['1639845037759676418'],hk2019freehk,@ihanzhan 中共從來都不把中國人的性命當回事，韓戰是死了百萬還有個數字，這次疫情，還有封城，死了多少個百萬，你知道嗎？現在的中國人，死了連數字都沒有，愛國從來都只是口號而已。
1639545253026992129,2023-03-26T02:23:03.000Z,1577686495745298432,@nursenika1840 粉红真的能感受到痛苦吗😰挺过全国封城疫情之后还能做粉红岁月静好这种人还能有人类的感官吗,1639815196959993857,['1639815196959993857'],Nuo31259273O,@nursenika1840 粉红真的能感受到痛苦吗😰挺过全国封城疫情之后还能做粉红岁月静好这种人还能有人类的感官吗
1639230460017483776,2023-03-26T01:38:29.000Z,1303558222847016960,@my_empty_bottle @endocpc @whyyoutouzhele 划算个球，你和那些疫情封城被饿死的那些人说说看到底划不划算去，和兰州死去的三岁小男孩儿说划不划算去。胡时代网上还算比较开放的，哪有像现在这样，官媒一边倒。而且这样做的目的就是洗脑，现在小粉红越来越多了，很多人都魔怔了，认为乌克兰的人就活该被杀，为俄罗斯叫好，一个个傻逼玩意。,1639803981315690497,['1639803981315690497'],mzLOKMiN1mf1AiU,@my_empty_bottle @endocpc @whyyoutouzhele 划算个球，你和那些疫情封城被饿死的那些人说说看到底划不划算去，和兰州死去的三岁小男孩儿说划不划算去。胡时代网上还算比较开放的，哪有像现在这样，官媒一边倒。而且这样做的目的就是洗脑，现在小粉红越来越多了，很多人都魔怔了，认为乌克兰的人就活该被杀，为俄罗斯叫好，一个个傻逼玩意。
1639230460017483776,2023-03-26T01:34:19.000Z,1303558222847016960,@my_empty_bottle @endocpc @whyyoutouzhele 只是延续胡时代的特点，毕竟还没修宪不敢招摇，本来就是江看习傻乎乎的，准备垂帘听政的，结果养个白眼狼上去，到最后江胡温三个都被搞的一塌糊涂。习在掌权，就是疫情封城折腾这么久，人没少死，经济也给搞垮了。现在香港也被他搞臭了，外资逃离了，然后又被美国制裁了，你哪里看出他聪慧了？,1639802929703014400,['1639802929703014400'],mzLOKMiN1mf1AiU,@my_empty_bottle @endocpc @whyyoutouzhele 只是延续胡时代的特点，毕竟还没修宪不敢招摇，本来就是江看习傻乎乎的，准备垂帘听政的，结果养个白眼狼上去，到最后江胡温三个都被搞的一塌糊涂。习在掌权，就是疫情封城折腾这么久，人没少死，经济也给搞垮了。现在香港也被他搞臭了，外资逃离了，然后又被美国制裁了，你哪里看出他聪慧了？
1639672390257893377,2023-03-25T16:55:36.000Z,1549084648202211328,RT @qing66017224: 疫情封城太他妈烦人了，更加约不到直男了，好不容易约一个，jb不怎么大18岁在工地上班，挺可怜的，但是人很有礼貌，请他吃了顿便餐，临走的时候还问我哥，我把烟给你留着你抽，我说不用我这有烟，把我感动的，我给他买，他还说不要。这破疫情啥时候是个头，…,1639672390257893377,['1639672390257893377'],aishangl, 疫情封城太他妈烦人了，更加约不到直男了，好不容易约一个，jb不怎么大18岁在工地上班，挺可怜的，但是人很有礼貌，请他吃了顿便餐，临走的时候还问我哥，我把烟给你留着你抽，我说不用我这有烟，把我感动的，我给他买，他还说不要。这破疫情啥时候是个头，…
1639457684557795328,2023-03-25T15:41:36.000Z,1487106878895239180,@Danqing1953 你们兲朝劣等民族如果一如既往的懦弱，即使没有严打，也有严关，比如寻衅滋事、疫情封城、被活摘器官、强征强拆...怪谁？😎😎😎,1639653769573957636,['1639653769573957636'],HawkingSong,@Danqing1953 你们兲朝劣等民族如果一如既往的懦弱，即使没有严打，也有严关，比如寻衅滋事、疫情封城、被活摘器官、强征强拆...怪谁？😎😎😎
1639635475496587266,2023-03-25T14:29:07.000Z,1470808401685127168,"邻近上海封城一周年，再次为上海封城、乌鲁木齐火灾以及全国各地在疫情防控中去世的人们默哀。
晚安。",1639635528822784002,['1639635528822784002'],kobayashi_minuo,"邻近上海封城一周年，再次为上海封城、乌鲁木齐火灾以及全国各地在疫情防控中去世的人们默哀。
晚安。"
1639600203803271171,2023-03-25T12:08:45.000Z,1638333226908532736,"炼法轮功　舅舅、舅妈退烧了
二零二零年武汉爆发新冠疫情期间，一同修的舅舅、舅妈从武汉回老家过年。回家后，舅妈又到处打麻将。后出现了发烧症状，接着又传染了舅舅。

舅舅是开诊所的，这时到处已经封城了，所以，他在老家自己打退烧的针给自己退烧，可是他一直高烧不退，烧了七、八天的时候，",1639600203803271171,['1639600203803271171'],xiohu4124340469,"炼法轮功　舅舅、舅妈退烧了
二零二零年武汉爆发新冠疫情期间，一同修的舅舅、舅妈从武汉回老家过年。回家后，舅妈又到处打麻将。后出现了发烧症状，接着又传染了舅舅。

舅舅是开诊所的，这时到处已经封城了，所以，他在老家自己打退烧的针给自己退烧，可是他一直高烧不退，烧了七、八天的时候，"
1639596047860391937,2023-03-25T11:52:14.000Z,1638330228874567680,"炼法轮功　舅舅、舅妈退烧了
二零二零年武汉爆发新冠疫情期间，一同修的舅舅、舅妈从武汉回老家过年。回家后，舅妈又到处打麻将。后出现了发烧症状，接着又传染了舅舅。

舅舅是开诊所的，这时到处已经封城了，所以，他在老家自己打退烧的针给自己退烧，可是他一直高烧不退，烧了七、八天的时候，",1639596047860391937,['1639596047860391937'],xiaocao35719122,"炼法轮功　舅舅、舅妈退烧了
二零二零年武汉爆发新冠疫情期间，一同修的舅舅、舅妈从武汉回老家过年。回家后，舅妈又到处打麻将。后出现了发烧症状，接着又传染了舅舅。

舅舅是开诊所的，这时到处已经封城了，所以，他在老家自己打退烧的针给自己退烧，可是他一直高烧不退，烧了七、八天的时候，"
1639592521532870656,2023-03-25T11:38:13.000Z,1638189458679029760,"炼法轮功　舅舅、舅妈退烧了
二零二零年武汉爆发新冠疫情期间，一同修的舅舅、舅妈从武汉回老家过年。回家后，舅妈又到处打麻将。后出现了发烧症状，接着又传染了舅舅。

舅舅是开诊所的，这时到处已经封城了，所以，他在老家自己打退烧的针给自己退烧，可是他一直高烧不退，烧了七、八天的时候，",1639592521532870656,['1639592521532870656'],lan_hua83212,"炼法轮功　舅舅、舅妈退烧了
二零二零年武汉爆发新冠疫情期间，一同修的舅舅、舅妈从武汉回老家过年。回家后，舅妈又到处打麻将。后出现了发烧症状，接着又传染了舅舅。

舅舅是开诊所的，这时到处已经封城了，所以，他在老家自己打退烧的针给自己退烧，可是他一直高烧不退，烧了七、八天的时候，"
1639586892869156869,2023-03-25T11:15:51.000Z,1526350034404397056,"炼法轮功　舅舅、舅妈退烧了
二零二零年武汉爆发新冠疫情期间，一同修的舅舅、舅妈从武汉回老家过年。回家后，舅妈又到处打麻将。后出现了发烧症状，接着又传染了舅舅。

舅舅是开诊所的，这时到处已经封城了，所以，他在老家自己打退烧的针给自己退烧，",1639586892869156869,['1639586892869156869'],zhenghu16041227,"炼法轮功　舅舅、舅妈退烧了
二零二零年武汉爆发新冠疫情期间，一同修的舅舅、舅妈从武汉回老家过年。回家后，舅妈又到处打麻将。后出现了发烧症状，接着又传染了舅舅。

舅舅是开诊所的，这时到处已经封城了，所以，他在老家自己打退烧的针给自己退烧，"
1639523452272123905,2023-03-25T07:03:46.000Z,1451344116588056589,"RT @yaoniangmao: 这边的富人孩子在追漫，在咖啡厅喝咖啡，悠闲地翻阅图书，然后住在带游泳池的大house，过着美好的生活。

但如果你是普通人，你是生活在中国，一个在疫情期间给上海封城造成挨饿的地方（同时上海掌权的人在BBQ），一个河南农村卖血导致全村艾滋的地方，…",1639523452272123905,['1639523452272123905'],57FXLutaoOD38JY," 这边的富人孩子在追漫，在咖啡厅喝咖啡，悠闲地翻阅图书，然后住在带游泳池的大house，过着美好的生活。

但如果你是普通人，你是生活在中国，一个在疫情期间给上海封城造成挨饿的地方（同时上海掌权的人在BBQ），一个河南农村卖血导致全村艾滋的地方，…"
1626469821369155584,2023-03-25T02:41:30.000Z,1634069383873196039,"@xueerli6 @hanwudiliuche2 @FIUB19 @Michaelhsinchu @JoeHsuTaiwan @Peter61397 @Santiago303050 @zimmer724102 @JunPatrol @Destiny78098243 @mzdcnm1893 @xjpcnm2012 @AnnnnnaAnnnnnna @greentea8266 @CatMaid_Love_00 @guzihan0501 @Windyoceane @StarsWalke84446 @LimuyTayal @dieghost16 @TjrtgSgerh @Eulalia31345863 @MoQiong_Black @reborn_captain @HirohitoNSJP @AceAlbert2022 @angaventure @mzdgnm1893 @Cherry999_lin @yumiosusu @a_o_p_477 @shadowi94764835 @momoxiaoyu07 @cndc12734422 @yfi68878926 @Martina11968266 @andyHo86601579 @xiaoxuemeimei22 @aa_009876 @LaqiTayalgo @huskypuppies111 @FrancesWesley14 @ice31004 @paratrooperMk02 @BoXiLai6324 @Adniye33226758 @shagm888 @husky111111111 @Monique38590576 @MetaluciferY 被解放了的中國人礦，
迎接來的是歡呼嗎？
是妄想當地主的你的爺奶輩，
被收回土地當窮逼，
是毛澤東這獨裁賤畜的三年大吃飽，
是以為自己是共產黨接班人的愚蠢大學生，
被鄧小平一聲令下，
坦克在天安門看了你媽就追，
是三年愚蠢封城清零，
是武漢肺炎全球疫情大流行，
中國人礦真是幸福。😌",1639457450322718720,['1639457450322718720'],WeAreTaiwanNo_1,"@xueerli6 @hanwudiliuche2 @FIUB19 @Michaelhsinchu @JoeHsuTaiwan @Peter61397 @Santiago303050 @zimmer724102 @JunPatrol @Destiny78098243 @mzdcnm1893 @xjpcnm2012 @AnnnnnaAnnnnnna @greentea8266 @CatMaid_Love_00 @guzihan0501 @Windyoceane @StarsWalke84446 @LimuyTayal @dieghost16 @TjrtgSgerh @Eulalia31345863 @MoQiong_Black @reborn_captain @HirohitoNSJP @AceAlbert2022 @angaventure @mzdgnm1893 @Cherry999_lin @yumiosusu @a_o_p_477 @shadowi94764835 @momoxiaoyu07 @cndc12734422 @yfi68878926 @Martina11968266 @andyHo86601579 @xiaoxuemeimei22 @aa_009876 @LaqiTayalgo @huskypuppies111 @FrancesWesley14 @ice31004 @paratrooperMk02 @BoXiLai6324 @Adniye33226758 @shagm888 @husky111111111 @Monique38590576 @MetaluciferY 被解放了的中國人礦，
迎接來的是歡呼嗎？
是妄想當地主的你的爺奶輩，
被收回土地當窮逼，
是毛澤東這獨裁賤畜的三年大吃飽，
是以為自己是共產黨接班人的愚蠢大學生，
被鄧小平一聲令下，
坦克在天安門看了你媽就追，
是三年愚蠢封城清零，
是武漢肺炎全球疫情大流行，
中國人礦真是幸福。😌"
1639452963952562176,2023-03-25T02:23:40.000Z,1461847447630667778,"RT @yaoniangmao: 这边的富人孩子在追漫，在咖啡厅喝咖啡，悠闲地翻阅图书，然后住在带游泳池的大house，过着美好的生活。

但如果你是普通人，你是生活在中国，一个在疫情期间给上海封城造成挨饿的地方（同时上海掌权的人在BBQ），一个河南农村卖血导致全村艾滋的地方，…",1639452963952562176,['1639452963952562176'],ROCWSS," 这边的富人孩子在追漫，在咖啡厅喝咖啡，悠闲地翻阅图书，然后住在带游泳池的大house，过着美好的生活。

但如果你是普通人，你是生活在中国，一个在疫情期间给上海封城造成挨饿的地方（同时上海掌权的人在BBQ），一个河南农村卖血导致全村艾滋的地方，…"
1639211288072171520,2023-03-24T19:38:48.000Z,26789945,@TomMa07952688 @realEmperorPooh 同理，上海也没有在疫情期间封城，那都是上海人民自愿禁足。,1639351075680518145,['1639351075680518145'],rodneyzeng,@TomMa07952688 @realEmperorPooh 同理，上海也没有在疫情期间封城，那都是上海人民自愿禁足。
1639332597166903296,2023-03-24T18:25:23.000Z,1475729470585667584,"RT @yaoniangmao: 这边的富人孩子在追漫，在咖啡厅喝咖啡，悠闲地翻阅图书，然后住在带游泳池的大house，过着美好的生活。

但如果你是普通人，你是生活在中国，一个在疫情期间给上海封城造成挨饿的地方（同时上海掌权的人在BBQ），一个河南农村卖血导致全村艾滋的地方，…",1639332597166903296,['1639332597166903296'],HongyuYang14," 这边的富人孩子在追漫，在咖啡厅喝咖啡，悠闲地翻阅图书，然后住在带游泳池的大house，过着美好的生活。

但如果你是普通人，你是生活在中国，一个在疫情期间给上海封城造成挨饿的地方（同时上海掌权的人在BBQ），一个河南农村卖血导致全村艾滋的地方，…"
1639328245358428160,2023-03-24T18:11:40.000Z,1262311550116696066,"这边的富人孩子在追漫，在咖啡厅喝咖啡，悠闲地翻阅图书，然后住在带游泳池的大house，过着美好的生活。

但如果你是普通人，你是生活在中国，一个在疫情期间给上海封城造成挨饿的地方（同时上海掌权的人在BBQ），一个河南农村卖血导致全村艾滋的地方，一个在北京发生的故事，在新疆发生的故事，😅喵喵",1639329147033108480,['1639329147033108480'],yaoniangmao,"这边的富人孩子在追漫，在咖啡厅喝咖啡，悠闲地翻阅图书，然后住在带游泳池的大house，过着美好的生活。

但如果你是普通人，你是生活在中国，一个在疫情期间给上海封城造成挨饿的地方（同时上海掌权的人在BBQ），一个河南农村卖血导致全村艾滋的地方，一个在北京发生的故事，在新疆发生的故事，😅喵喵"
1639298918591893510,2023-03-24T16:11:33.000Z,1482593372044943362,RT @qing66017224: 疫情封城太他妈烦人了，更加约不到直男了，好不容易约一个，jb不怎么大18岁在工地上班，挺可怜的，但是人很有礼貌，请他吃了顿便餐，临走的时候还问我哥，我把烟给你留着你抽，我说不用我这有烟，把我感动的，我给他买，他还说不要。这破疫情啥时候是个头，…,1639298918591893510,['1639298918591893510'],zhanghanda2049, 疫情封城太他妈烦人了，更加约不到直男了，好不容易约一个，jb不怎么大18岁在工地上班，挺可怜的，但是人很有礼貌，请他吃了顿便餐，临走的时候还问我哥，我把烟给你留着你抽，我说不用我这有烟，把我感动的，我给他买，他还说不要。这破疫情啥时候是个头，…
1639275836921577474,2023-03-24T14:39:50.000Z,1399283286078222337,"RT @StarLuxeUS: 【#世界的十字路口】新冠疫情先擊倒了全國的經濟產業；接著中共的「病態清零」、封城封區，又窒息了整個中國經濟。

還有，中共跟美國的關係持續惡化到現在，逼得外資外企撤出中國，避免被中共拖累。那中國的就業市場當然就只能江河日下了。

🎯支持唐浩 ht…",1639275836921577474,['1639275836921577474'],huanyu01952341," 【#世界的十字路口】新冠疫情先擊倒了全國的經濟產業；接著中共的「病態清零」、封城封區，又窒息了整個中國經濟。

還有，中共跟美國的關係持續惡化到現在，逼得外資外企撤出中國，避免被中共拖累。那中國的就業市場當然就只能江河日下了。

🎯支持唐浩 ht…"
1639117854154031104,2023-03-24T14:01:16.000Z,1352685041214623744,"@VOAChinese 就这样的态度 还想吸引外资啊？
谁还敢去设公司 开工厂？

谁还敢把生产单给中国工厂
谁知道 那天 接单的工厂
政治正确-假装是疫情 
又马上封城的.......",1639266132518469632,['1639266132518469632'],LuiCh2020,"@VOAChinese 就这样的态度 还想吸引外资啊？
谁还敢去设公司 开工厂？

谁还敢把生产单给中国工厂
谁知道 那天 接单的工厂
政治正确-假装是疫情 
又马上封城的......."
1639263879388594179,2023-03-24T13:52:19.000Z,1053607129041358848,"三月的上海，人群开始出现明显分层。浦东进入全面戒严封锁状态已过半月，浦西正等带着四月一号的全面封城。

经历了三年疫情，依然坚信病毒会致死或致严重后遗症的人，早早过上了自我隔离的“顺民”生活，偶尔的出门物资采买，也是严格佩戴口罩。

剩下的，是社畜们和六个月后被称为“躺匪”的那批人。",1639263879388594179,['1639263879388594179'],Xinhua_Road,"三月的上海，人群开始出现明显分层。浦东进入全面戒严封锁状态已过半月，浦西正等带着四月一号的全面封城。

经历了三年疫情，依然坚信病毒会致死或致严重后遗症的人，早早过上了自我隔离的“顺民”生活，偶尔的出门物资采买，也是严格佩戴口罩。

剩下的，是社畜们和六个月后被称为“躺匪”的那批人。"
1639262509118144512,2023-03-24T13:46:52.000Z,3539322506,"RT @StarLuxeUS: 【#世界的十字路口】新冠疫情先擊倒了全國的經濟產業；接著中共的「病態清零」、封城封區，又窒息了整個中國經濟。

還有，中共跟美國的關係持續惡化到現在，逼得外資外企撤出中國，避免被中共拖累。那中國的就業市場當然就只能江河日下了。

🎯支持唐浩 ht…",1639262509118144512,['1639262509118144512'],CiWz2ux6N8ac52l," 【#世界的十字路口】新冠疫情先擊倒了全國的經濟產業；接著中共的「病態清零」、封城封區，又窒息了整個中國經濟。

還有，中共跟美國的關係持續惡化到現在，逼得外資外企撤出中國，避免被中共拖累。那中國的就業市場當然就只能江河日下了。

🎯支持唐浩 ht…"
1639261803950788610,2023-03-24T13:44:04.000Z,1000760781615517697,"RT @StarLuxeUS: 【#世界的十字路口】新冠疫情先擊倒了全國的經濟產業；接著中共的「病態清零」、封城封區，又窒息了整個中國經濟。

還有，中共跟美國的關係持續惡化到現在，逼得外資外企撤出中國，避免被中共拖累。那中國的就業市場當然就只能江河日下了。

🎯支持唐浩 ht…",1639261803950788610,['1639261803950788610'],Wangdaming3," 【#世界的十字路口】新冠疫情先擊倒了全國的經濟產業；接著中共的「病態清零」、封城封區，又窒息了整個中國經濟。

還有，中共跟美國的關係持續惡化到現在，逼得外資外企撤出中國，避免被中共拖累。那中國的就業市場當然就只能江河日下了。

🎯支持唐浩 ht…"
1639261546487398400,2023-03-24T13:43:03.000Z,1565821059441766400,"RT @StarLuxeUS: 【#世界的十字路口】新冠疫情先擊倒了全國的經濟產業；接著中共的「病態清零」、封城封區，又窒息了整個中國經濟。

還有，中共跟美國的關係持續惡化到現在，逼得外資外企撤出中國，避免被中共拖累。那中國的就業市場當然就只能江河日下了。

🎯支持唐浩 ht…",1639261546487398400,['1639261546487398400'],Hongyan73203678," 【#世界的十字路口】新冠疫情先擊倒了全國的經濟產業；接著中共的「病態清零」、封城封區，又窒息了整個中國經濟。

還有，中共跟美國的關係持續惡化到現在，逼得外資外企撤出中國，避免被中共拖累。那中國的就業市場當然就只能江河日下了。

🎯支持唐浩 ht…"
1639258030217854976,2023-03-24T13:29:05.000Z,1631378318707822592,"RT @StarLuxeUS: 【#世界的十字路口】新冠疫情先擊倒了全國的經濟產業；接著中共的「病態清零」、封城封區，又窒息了整個中國經濟。

還有，中共跟美國的關係持續惡化到現在，逼得外資外企撤出中國，避免被中共拖累。那中國的就業市場當然就只能江河日下了。

🎯支持唐浩 ht…",1639258030217854976,['1639258030217854976'],klihongjian," 【#世界的十字路口】新冠疫情先擊倒了全國的經濟產業；接著中共的「病態清零」、封城封區，又窒息了整個中國經濟。

還有，中共跟美國的關係持續惡化到現在，逼得外資外企撤出中國，避免被中共拖累。那中國的就業市場當然就只能江河日下了。

🎯支持唐浩 ht…"
1639235797462450176,2023-03-24T12:00:44.000Z,1467066372832194565,"上海封城，辟谣一周年。

2022正确记忆
1.党的二十大胜利召开，学习宣传贯彻党的二十大精神迅速掀起热潮
2. 中国经济稳字当头、稳中求进
3. 统筹疫情防控取得重大成果
4. 北京冬奥会
5. C919首飞

错误记忆
1.东航飞机坠落
2.铁链女
3.唐山烧烤店
4.四月之声
5.乌鲁木齐 https://t.co/wOUCvPlMuR",1639235797462450176,['1639235797462450176'],i8sui,"上海封城，辟谣一周年。

2022正确记忆
1.党的二十大胜利召开，学习宣传贯彻党的二十大精神迅速掀起热潮
2. 中国经济稳字当头、稳中求进
3. 统筹疫情防控取得重大成果
4. 北京冬奥会
5. C919首飞

错误记忆
1.东航飞机坠落
2.铁链女
3.唐山烧烤店
4.四月之声
5.乌鲁木齐 https://t.co/wOUCvPlMuR"
