,Document_No,Dominant_Topic,Topic_Perc_Contrib,Keywords,Text
0,0,3.0,0.9988,"sweden, lockdown, just, so, other, say, people, mask, one, well","['so', 'say', 'live', 'sweden', 'people', 'usually', 'say', 'government', 'many', 'way', 'work', 'believe', 'so', 'tell', 'say', 'mask', 'weren', 'restriction', 'put', 'place', 'suffice', 'even', 'high', 'number', 'kind', 'of', 'say', 'handle', 'curve', 'resource', 'truth', 'course', 'just', 'have', 'resource', 'just', 'people', 'die', 'unfortunately', 'dad', 'now', 'icu', 'ventilator', 'extremely', 'unstable', 'able', 'see', 'case', 'leave', 'sister', 'go', 'hard', 'lockdown', 'start', 'only', 'order', 'grocery', 'home', 'keep', 'clothe', 'mom', 'want', 'continue', 'work', 'wasn', 'allow', 'take', 'pause', 'work', 'ask', 'principal', 'least', 'wear', 'mask', 'tell', 'recommend', 'government', 'scare', 'kid']"
1,1,3.0,0.9952,"sweden, lockdown, just, so, other, say, people, mask, one, well","['insensitive', 'suspect', 'mom', 'vectore', 'disease', 'dad', 'one', 'careful', 'beginning', 'say', 'fault', 'course', 'still', 'hard', 'avoid', 'even', 'careful', 'do', 'daily', 'business']"
2,2,1.0,0.9104,"death, lockdown, sweden, delete, say, day, other, second_wave, know, high",['bless']
3,3,0.0,0.9763,"sweden, more, people, country, covid, death, make, say, so, here","['good', 'position', 'thought', 'family']"
4,4,3.0,0.9985,"sweden, lockdown, just, so, other, say, people, mask, one, well","['wear', 'mask', 'try', 'teach', 'bloody', 'hard', 'bit', 'impossible', 'age', 'group', 'teach', 'tell', 'have', 'wear', 'mask', 'day', 'one', 'hear', 'bloody', 'word', 'else', 'say', 'half', 'rhe', 'time', 'even', 'hear', 'rarely', 'understand', 'say', 'time', 'eventually', 'pull', 'mask', 'forward', 'shout', 'lol', 'very', 'sorry', 'dad', 'icu', 'mother', 'really', 'isn', 'blame', 'tbh', 'virus', 'virus', 'kid', 'education', 'incredibly', 'important', 'country', 'lock', 'see', 'spread', 'anyway', 'climate', 'condition', 'right', 'hope', 'dad', 'get', 'well', 'though']"
5,5,0.0,0.9985,"sweden, more, people, country, covid, death, make, say, so, here","['become', 'infect', 'still', 'suffer', 'covid', 'symptom', 'include', 'shortness', 'breath', 'say', 'shock', 'reaction', 'doctor', 'first', 'diagnose', 'have', 'suspect', 'covid', 'tell', 'even', 'go', 'doctor', 'fear', 'infect', 'health', 'staff', 'say', 'say', 'perhaps', 'even', 'more', 'concern', 'portrayal', 'virus', 'sweden', 'medium', 'medium', 'outlet', 'seem', 'more', 'concerned', 'protect', 'sweden', 'image', 'report', 'fact', 'challenge', 'authority', 'frankly', 'outrageous', 'statement', 'make', 'leave', 'almost', 'entirely', 'foreign', 'journalist', 'say', 'exactly', 'people', 'here', 'say', 'all', 'along']"
6,6,1.0,0.9757,"death, lockdown, sweden, delete, say, day, other, second_wave, know, high","['same', 'thing', 'happen', 'lockdown']"
7,7,0.0,0.9952,"sweden, more, people, country, covid, death, make, say, so, here","['honest', 'question', 'problem', 'here', 'isn', 'general', 'advice', 'entire', 'world', 'self', 'isolate', 'seek', 'medical', 'attention', 'severe', 'symptom', 'go', 'doctor', 'life', 'threatne']"
8,8,0.0,0.9763,"sweden, more, people, country, covid, death, make, say, so, here","['swede', 'defend', 'strategy', 'reddit']"
9,9,1.0,0.9757,"death, lockdown, sweden, delete, say, day, other, second_wave, know, high","['swedish', 'person', 'sub', 'too']"
10,10,0.0,0.9935,"sweden, more, people, country, covid, death, make, say, so, here","['exactly', 'people', 'here', 'say', 'all', 'along', 'say', 'sweden', 'brigade', 'here', 'reddit', 'defend', 'country', 'failure', 'month']"
11,11,0.0,0.9588,"sweden, more, people, country, covid, death, make, say, so, here","['au', 'medium', 'so', 'obsessed', 'country', 'middle', 'pack', 'make', 'sense', 'australian', 'sudden', 'start', 'shit', 'talk', 'swedish', 'people', 'here', 'discussion', 'comparison', 'other', 'european', 'country', 'sudden', 'start', 'shout', 'same']"
12,12,3.0,0.9932,"sweden, lockdown, just, so, other, say, people, mask, one, well","['medium', 'outlet', 'pretty', 'good', 'report', 'thing', 'regardless', 'positive', 'negative', 'imo', 'big', 'newspaper', 'always', 'critical']"
13,13,3.0,0.9428,"sweden, lockdown, just, so, other, say, people, mask, one, well","['pro', 'sweden', 'boomlet', 'sort', 'of', 'anti', 'lockdown', 'version', 'practice', 'point', 'country', 'success', 'failure', 'ignore', 'epidemic', 'curve', 'same', 'neighbor', 'sweden', 'wasn', 'transmit', 'much', 'neighbor', 'sweden', 'fan', 'want', 'believe', 'do', 'special', 'denmark', 'now', 're', 'all', 'second_wave', 'sweden', 'bad', 'just', 'first', 'wave', 'bad', 'none', 'stop', 'second_wave', 'clear', 'more', 'mitigate', 'other', 'lesson', 'see', 'lot', 'people', 'keep', 'underestimate', 'just', 'hard', 'get', 'enough', 'immunity', 'avoid', 'wave', 'isn', 'easy', 'disease', 'avoid', 'hard', 'always', 'plenty', 'available', 'host', 'even', 'poor', 'area', 'let', 'alone', 'affluent', 'one']"
14,14,1.0,0.9104,"death, lockdown, sweden, delete, say, day, other, second_wave, know, high",['death']
15,15,3.0,0.9936,"sweden, lockdown, just, so, other, say, people, mask, one, well","['mean', 'pro', 'lockdown', 'people', 'repeatedly', 'point', 'country', 'lock', 'example', 'work', 'ignore', 'other', 'also', 'try', 'lockdown']"
16,16,0.0,0.9984,"sweden, more, people, country, covid, death, make, say, so, here","['none', 'stop', 'second_wave', 'clear', 'more', 'mitigate', 'denmark', 'confirm', 'case', 'elderly', 'care', 'norway', 'outbreak', 'health', 'care', 'setting', 'that', 'clear', 'though', 'mean', 'clear', 'norway', 'introduce', 'slightly', 'strict', 'measure', 'sweden', 'wide', 'recommendation', 'mask', 'close', 'non', 'essential', 'business', 'so', 'on', 'norway', 'example', 'very', 'limited', 'transmission', 'still', 'do', 'bad', 'spring', 'measure', 'tool', 'clinical', 'knowledge', 'gain', 'year', 'icu', 'admission', 'way', 'spring', 'number', 'denmark', 'yet', 'mean', 'clear', 'more', 'mitigate']"
17,17,1.0,0.9104,"death, lockdown, sweden, delete, say, day, other, second_wave, know, high",['delete']
18,18,3.0,0.6979,"sweden, lockdown, just, so, other, say, people, mask, one, well","['one', 'see', 'come']"
19,19,0.0,0.9763,"sweden, more, people, country, covid, death, make, say, so, here","['ve', 'try', 'all', 'idea']"
20,20,0.0,0.9912,"sweden, more, people, country, covid, death, make, say, so, here","['death', 'here', 'quebec', 'death', 'lockdown', 'so', 'consider', 'sweden', 'that', 'bad', 'compare']"
21,21,1.0,0.9859,"death, lockdown, sweden, delete, say, day, other, second_wave, know, high","['county', 'nearly', 'death', 'fairly', 'long', 'lockdown', 'mitigation']"
22,22,1.0,0.9934,"death, lockdown, sweden, delete, say, day, other, second_wave, know, high","['bad', 'perform', 'province', 'far', 'sure', 'think', 'cherry', 'pick', 'other', 'bad', 'place', 'world', 'somehow', 'exonerate', 'sweden']"
23,23,1.0,0.7566,"death, lockdown, sweden, delete, say, day, other, second_wave, know, high","['ve', 'never', 'figure', 'canadian', 'case', 'first', 'wave', 'second_wave', 'prove', 'just', 'luck', 'other', 'province', 'get', 'too']"
24,24,3.0,0.9954,"sweden, lockdown, just, so, other, say, people, mask, one, well","['hit', 'pretty', 'bad', 'more', 'useful', 'compare', 'sweden', 'finland', 'show', 'much', 'well', 'number', 'seem', 'support', 'idea', 'lockdown', 'work', 'combine', 'other', 'measure', 'naturally']"
25,25,3.0,0.9843,"sweden, lockdown, just, so, other, say, people, mask, one, well","['isn', 'much', 'more', 'densly', 'populate', 'sweden']"
26,26,3.0,0.9691,"sweden, lockdown, just, so, other, say, people, mask, one, well","['bad', 'so', 'other']"
27,27,3.0,0.9973,"sweden, lockdown, just, so, other, say, people, mask, one, well","['one', 'pretend', 'let', 'virus', 'run', 'course', 'good', 'strategy', 'rough', 'start', 'part', 'poor', 'timing', 'mismanage', 'elderly', 'care', 'specifically', 'privatized', 'one', 'pretty', 'strong', 'lock', 'though', 'take', 'other', 'thing', 'equation', 'be', 'see', 'same', 'number', 'anywhere', 'else', 'strong', 'lockdown']"
28,28,1.0,0.9985,"death, lockdown, sweden, delete, say, day, other, second_wave, know, high","['baffle', 'report', 'indicate', 'other', 'severe', 'likely', 'universal', 'susceptibility', 'virus', 'actually', 'think', 'deadly', 'first', 'understand', 'asymptomatic', 'other', 'reason', 'low', 'level', 'child', 'illness', 'turn', 'entire', 'population', 'ifr', 'report', 'reduce', 'asymptomatic', 'case', 'subclinical', 'child', 'almost', 'pediatric', 'death', 'know', 'even', 'know', 'fatality', 'rate', 'care', 'very', 'high', 'attack', 'rate', 'fly', 'right', 'high', 'end', 'old', 'pandemic', 'planning', 'still', 'terrify', 'order', 'decide', 'mostly', 'harmless', 'one', 'go', 'way', 'find', 'alternative', 'fact', 'conspiracy', 'theory', 'look', 'sweden', 'guilty']"
29,29,3.0,0.9921,"sweden, lockdown, just, so, other, say, people, mask, one, well","['still', 'several', 'sweden', 'idolize', 'so', 'much', 'strategy', 'tattoo', 'ugly', 'face', 'body', 'sad']"
30,30,3.0,0.995,"sweden, lockdown, just, so, other, say, people, mask, one, well","['false', 'single', 'person', 'government', 'other', 'fhm', 'say', 'decision', 'just', 'as', 'importantly', 'shouldn', 'forget', 'other', 'country', 'also', 'handle', 'situation', 'badly']"
31,31,3.0,0.9691,"sweden, lockdown, just, so, other, say, people, mask, one, well","['hardly', 'true', 'reddit']"
32,32,0.0,0.6299,"sweden, more, people, country, covid, death, make, say, so, here","['comment', 'remove', 'contribute', 'only', 'high', 'quality', 'information', 'require', 'user', 'submit', 'reliable', 'fact', 'base', 'information', 'subreddit', 'provide', 'english', 'translation', 'article', 'comment', 'necessary', 'more', 'information', 'believe', 'make', 'mistake', 'message', 'moderator', 'message', 'compose', 'coronavirus', 'include', 'link', 'submission']"
33,33,2.0,0.6533,"comment, remove, post, political, discussion, information, message, coronavirus, compose, moderator","['post', 'comment', 'remove', 'topic', 'political', 'policy', 'economic', 'post', 'comment', 'remove', 'encourage', 'allow', 'political', 'policy', 'economic', 'discussion', 'ask', 'discussion', 'pertain', 'primarily', 'current', 'coronavirus', 'pandemic', 'offtopic', 'discussion', 'easily', 'come', 'dominate', 'online', 'discussion', 'therefore', 'remove', 'unrelated', 'post', 'comment', 'lock', 'comment', 'borderline', 'post', 'more', 'information', 'believe', 'make', 'mistake', 'message', 'moderator', 'message', 'compose', 'coronavirus']"
34,34,3.0,0.994,"sweden, lockdown, just, so, other, say, people, mask, one, well","['there', 'death', 'capita', 'comparable', 'nation', 'people', 'most', 'practice', 'strict', 'lockdown', 'sweden', 'isn', 'massive', 'success', 'apocalyptic', 'failure']"
35,35,0.0,0.954,"sweden, more, people, country, covid, death, make, say, so, here","['age', 'demographic']"
36,36,0.0,0.9919,"sweden, more, people, country, covid, death, make, say, so, here","['now', 'compare', 'sweden', 'finland', 'see', 'real', 'picture', 'country', 'compare', 'sweden', 'very', 'similar']"
37,37,1.0,0.9104,"death, lockdown, sweden, delete, say, day, other, second_wave, know, high",['delete']
38,38,3.0,0.9989,"sweden, lockdown, just, so, other, say, people, mask, one, well","['practice', 'strict', 'lockdown', 'maybe', 'work', 'well', 'now', 'lmao', 'only', 'thing', 've', 'do', 'close', 'dine', 'in', 'late', 'close', 'shop', 'sunday', 'pm', 'so', 'rush', 'buy', 'stuff', 'pm', 'get', 'work', 'smart', 'make', 'wear', 'mask', 'mandatory', 'public', 'transport', 'school', 'open', 'tomorrow', 'business', 'open', 'work', 'hom', 'enforce', 'ski', 'resort', 'open', 'enforcement', 'rule', 'such', 'mask', 'quarantine', 'honestly', 'notice', 'there', 'lockdown', 'need', 'buy', 'milk', 'case', 'high', 'icus', 'pretty', 'full', 'leave', 'care', 'worker', 'completely', 'exhaust', 'number', 'expect', 'rise', 'again', 'especially', 'give', 'variant', 'start', 'spread', 'here', 'point', 'actually', 'measure', 'close', 'sweden', 'consider', 'full', 'lockdown', 'surprising', 'similar', 'death', 'capita']"
39,39,1.0,0.9104,"death, lockdown, sweden, delete, say, day, other, second_wave, know, high",['delete']
40,40,3.0,0.9983,"sweden, lockdown, just, so, other, say, people, mask, one, well","['point', 'percentage', 'single', 'house', 'hold', 'self', 'meaningless', 'measurement', 'get', 'insight', 'percentage', 'population', 'live', 'alone', 'maybe', 'only', 'household', 'sweden', 'sweden', 'single', 'household', 'so', 'only', 'life', 'alone', 'example', 'look', 'many', 'people', 'live', 'alone', 'number', 'household', 'single', 'occupancy', 'accord', 'official', 'swedish', 'national', 'statistic', 'live', 'alone', 'swedish', 'population', 'live', 'together', 'average', 'get', 'vote', 'so', 'presume', 'logic', 'off', 'so', 'enlightenment', 'wrong', 'argument']"
41,41,3.0,0.9913,"sweden, lockdown, just, so, other, say, people, mask, one, well","['tegnell', 'shoulder', 'know', 'sweden', 'then', 'know', 'sit', 'there', 'alone', 'decide', 'policy']"
42,42,1.0,0.9924,"death, lockdown, sweden, delete, say, day, other, second_wave, know, high","['restriction', 'summer', 'autumn', 'partial', 'lockdown', 'now', 'same', 'level', 'failure', 'most', 'european', 'country', 'second_wave']"
43,43,3.0,0.9881,"sweden, lockdown, just, so, other, say, people, mask, one, well","['wait', 'live', 'sweden', 'lockdown', 'somewhere', 'so', 'give', 'thank']"
44,44,1.0,0.9678,"death, lockdown, sweden, delete, say, day, other, second_wave, know, high","['lockdown', 'now', 'previously']"
45,45,1.0,0.9104,"death, lockdown, sweden, delete, say, day, other, second_wave, know, high",['delete']
46,46,1.0,0.9104,"death, lockdown, sweden, delete, say, day, other, second_wave, know, high",['delete']
47,47,0.0,0.9991,"sweden, more, people, country, covid, death, make, say, so, here","['valid', 'point', 'criticism', 'article', 'journalist', 'even', 'try', 'hide', 'bias', 'fine', 'debate', 'article', 'news', 'reporting', 'suppose', 'objective', 'neutral', 'also', 'contain', 'false', 'misleading', 'information', 'try', 'disguise', 'opinion', 'fact', 'example', 'sweden', 'ask', 'neighbour', 'help', 'generous', 'enough', 'offer', 'help', 'also', 'part', 'leave', 'citizen', 'decide', 'socially', 'distance', 'correct', 'sweden', 'approach', 'more', 'voluntary', 'less', 'enforce', 'other', 'country', 'guideline', 'very', 'clear', 'point', 'spring', 'attend', 'unnecessary', 'gathering', 'work', 'home', 'possible', 'keep', 'distance', 'only', 'voluntary', 'high', 'school', 'university', 'close', 'public', 'gathering', 'limit', 'strict', 'rule', 'restaurant', 'bar', 'comply', 'close', 'clear', 'journalist', 'write', 'actually', 'care', 'happen', 'sweden', 'guess', 'only', 'use', 'political', 'tool', 'internal', 'australian', 'debate', 'support', 'lockdown', 'fine', 'people', 'criticize', 'sweden', 'base', 'fact', 'disguise', 'news', 'article', 'contain', 'neutral', 'reporting']"
48,48,1.0,0.9978,"death, lockdown, sweden, delete, say, day, other, second_wave, know, high","['clear', 'journalist', 'write', 'actually', 'care', 'happen', 'sweden', 'guess', 'only', 'use', 'political', 'tool', 'internal', 'australian', 'debate', 'support', 'lockdown', 'give', 'australia', 'infection', 'rate', 'sweden', 'say', 'political', 'motivation', 'justify', 'note', 'news', 'blatantly', 'biased', 'tough', 'lockdown', 'singe', 'praise', 'sweden', 'condemn', 'state', 'victorian', 'premier', 'lockdown', 'restriction', 'back', 'destroy', 'economy', 'unnecessarily']"
49,49,3.0,0.9545,"sweden, lockdown, just, so, other, say, people, mask, one, well","['right', 'danger']"
50,50,1.0,0.9966,"death, lockdown, sweden, delete, say, day, other, second_wave, know, high","['region', 'no', 'long', 'cope', 'patient', 'send', 'denmark', 'swedish', 'herd', 'immunity', 'strategy', 'doesn', 'seem', 'work', 'expect', 'tegnell', 'right', 'now', 'scanian', 'patient', 'send', 'denmark', 'other', 'county', 'want', 'say', 'type', 'patient', 'about']"
51,51,3.0,0.9993,"sweden, lockdown, just, so, other, say, people, mask, one, well","['sweden', 'failure', 'far', 'less', 'lockdown', 'other', 'single', 'mistake', 've', 'make', 'here', 'actually', 'fail', 'secure', 'nursing', 'home', 'other', 'vulnerable', 'spot', 'enact', 'strong', 'border', 'closure', 'wait', 'too', 'late', 'create', 'pandemic', 'crisis', 'law', 'discourage', 'usage', 'mask', 'run', 'mass', 'testing', 'campaign', 'encourage', 'test', 'quarantine', 'traveler', 'isolate', 'confirm', 'covid', 'patient', 'way', 'sweden', 'lambaste', 'praise', 'medium', 'regard', 'lockdown', 'stance', 'huge', 'propaganda', 'campaign', 've', 'ever', 'misfortune', 'witness', 'highly', 'obvious', 'now', 'just', 'have', 'lockdown', 'guarantee', 'covid', 'manage', 'long', 'term', 'far', 'more', 'prudent', 'compare', 'sweden', 'lockdown', 'response', 'other', 'country', 'use', 'internal', 'lockdown', 'iceland', 'idea', 'only', 'internal', 'lockdown', 'stop', 'covid', 'fabrication', 'support', 'reality', 'stance', 'surprised', 'see', 'take', 'australian', 'journalist', 'love', 'compare', 'sweden', 'neighbor', 'norway', 'denmark', 'one', 'seem', 'able', 'say', 'country', 'actually', 'differently', 'other', 'lock', 'denmark', 'just', 'recently', 'again', 'even', 'so', 'give', 'other', 'nordic', 'nation', 'handle', 'well', 'currently', 'isn', 'only', 'sweden', 'need', 'take', 'note', 'rest', 'as', 'well']"
52,52,3.0,0.9977,"sweden, lockdown, just, so, other, say, people, mask, one, well","['highly', 'obvious', 'now', 'just', 'have', 'lockdown', 'guarantee', 'covid', 'sound', 'bit', 'strawman', 'argument', 'one', 'claim', 'just', 'have', 'lockdown', 'enough', 'however', 'obvious', 'now', 'part', 'response', 'help', 'sweden', 'significantly', 'example', 'fact', 'close', 'bar', 'cafe', 'hair', 'salon', 'very', 'long', 'time', 'certainly', 'help', 'prove', 'important', 'contagion', 'site']"
53,53,3.0,0.9971,"sweden, lockdown, just, so, other, say, people, mask, one, well","['lead', 'second', 'last', 'point', 'goverment', 'able', 'calculate', 've', 'say', 'many', 'time', 'get', 'eff', 'arse', 'own', 'spring', 'break', 'incoming', 'flight', 'policy', 'literally', 'hundred', 'early', 'know', 'case', 'covid', 'people', 'come', 'back', 'vacation', 'people', 'contact', 'snowball']"
54,54,0.0,0.998,"sweden, more, people, country, covid, death, make, say, so, here","['remarkable', 'pivot', 'here', 'news', 'com', 'au', 'own', 'declare', 'sweden', 'covid', 'strategy', 'failure', 'doom', 'beginning', 'murdoch', 'australian', 'masthead', 'pay', 'tv', 'outlet', 'continue', 'boost', 'sweden', 'country', 'emulate', 'number', 'sweden', 'booster', 'unqualified', 'journalistic', 'hack', 'call', 'still', 'pump', 'sweden', 'tyre', 'article', 'australian', 'newspaper', 'th', 'take', 'publish', 'odious', 'organisation', 'large', 'grain', 'salt', 'advice']"
55,55,1.0,0.9678,"death, lockdown, sweden, delete, say, day, other, second_wave, know, high","['day', 'learn', 'count']"
56,56,3.0,0.9969,"sweden, lockdown, just, so, other, say, people, mask, one, well","['crazy', 'believe', 'lie', 'so', 'hard', 'else', 'seem', 'know', 'more', 'corona', 'situation', 'sweden', 'apparently', 'also', 'socially', 'repress', 'censor', 'talk', 'badly', 'fhm', 'government', 'thank', 'one', 'snitch', 'do', 'so', 'wonder', 'track', 'reddit', 'throw', 'gulag']"
57,57,0.0,0.7517,"sweden, more, people, country, covid, death, make, say, so, here","['sad', 'see', 'schadenfreude', 'people', 'just', 'use', 'sweden', 'own', 'political', 'agenda', 'sweden', 'still', 'far', 'success', 'story', 'sweden', 'good', 'tool', 'disposal', 'least', 'second_wave', 'rich', 'country', 'high', 'trust', 'authority', 'well', 'establish', 'infrastructure', 'make', 'work', 'home', 'distance', 'teaching', 'easy', 'very', 'low', 'rate', 'inter', 'generational', 'home', 'response', 'more', 'proactive', 'maybe', 'stricter', 'think', 'lot', 'needless', 'death', 've', 'avoid', 'actual', 'restriction', 'well', 'closing', 'university', 'high', 'school', 'public', 'gathering', 'limit', 'people', 'rule', 'restaurant', 'bar', 'include', 'limit', 'party', 'people', 'alcohol', 'distance', 'table', 'more', 'come', 'as', 'well', 'new', 'pandemic', 'law', 'give', 'government', 'more', 'legal', 'authority', 'enact', 'restriction', 'mid', 'also', 'statistic', 'clearly', 'show', 'many', 'follow', 'recommendation', 'just', 'win', 'see', 'people', 'cramp', 'shop', 'public', 'transport', 'stay', 'home']"
58,58,1.0,0.9757,"death, lockdown, sweden, delete, say, day, other, second_wave, know, high","['sub', 'alsos', 'big', 'boner']"
59,59,0.0,0.5803,"sweden, more, people, country, covid, death, make, say, so, here","['post', 'comment', 'remove', 'contribute', 'only', 'high', 'quality', 'information', 'require', 'user', 'submit', 'reliable', 'fact', 'base', 'information', 'subreddit', 'provide', 'english', 'translation', 'article', 'comment', 'necessary', 'post', 'comment', 'contain', 'high', 'quality', 'source', 'information', 'opinion', 'article', 'remove', 'more', 'information', 'believe', 'make', 'mistake', 'message', 'moderator', 'message', 'compose', 'coronavirus']"
60,60,1.0,0.9948,"death, lockdown, sweden, delete, say, day, other, second_wave, know, high","['death', 'milion', 'place', 'world', 'failure', 'country', 'strict', 'lockdown', 'way', 'ahead', 'sweden', 'look', 'death', 'chart', 'say', 'second_wave', 'pretty', 'much', 'lean']"
61,61,1.0,0.9934,"death, lockdown, sweden, delete, say, day, other, second_wave, know, high","['sweden', 'backdate', 'death', 'downward', 'trend', 'just', 'mean', 'death', 'register', 'check', 'here', 'death', 'day', 'currently', 'fall']"
62,62,3.0,0.9952,"sweden, lockdown, just, so, other, say, people, mask, one, well","['death', 'rate', 'most', 'likely', 'still', 'high', 'reporting', 'slow', 'understaffe', 'holiday', 'lag', 'even', 'bad', 'normally', 'none', 'datum', 'take', 'face', 'value', 'currently']"
63,63,3.0,0.9812,"sweden, lockdown, just, so, other, say, people, mask, one, well","['likely', 'do', 'well', 'strict', 'lockdown']"
64,64,1.0,0.9958,"death, lockdown, sweden, delete, say, day, other, second_wave, know, high","['look', 'death', 'chart', 'say', 'second_wave', 'pretty', 'much', 'lean', 'say', 'death', 'historical', 'high', 'day', 'average', 'hit', 'wave', 'day', 'sustain', 'least', 'th', 'coronavirus', 'case', 'death', 'worldometer']"
65,65,0.0,0.5583,"sweden, more, people, country, covid, death, make, say, so, here","['one', 'make', 'look', 'hear', 'think', 'that', 'many', 'additional', 'case', 'decide', 'man', 'just', 'let', 'roll']"
66,66,0.0,0.9975,"sweden, more, people, country, covid, death, make, say, so, here","['anti', 'lockdown', 'stance', 'reference', 'last', 'spring', 'legally', 'make', 'people', 'stay', 'home', 'week', 'do', 'other', 'european', 'country', 'response', 'more', 'similar', 'need', 'basis', 'see', 'rise', 'case', 'autumn', 'winter', 'peak', 'differ', 'time', 'tightend', 'mitigation', 'response', 'ordinary', 'controversal', 'rather', 'biased', 'article', 'seem', 'make']"
67,67,0.0,0.9931,"sweden, more, people, country, covid, death, make, say, so, here","['start', 'headline', 'sweden', 'crisis', 'put', 'spin', 'start', 'wish', 'more', 'news', 'just', 'report', 'rather', 'editorial']"
68,68,0.0,0.9958,"sweden, more, people, country, covid, death, make, say, so, here","['first', 'month', 'sweden', 'always', 'top', 'bad', 'country', 'come', 'death', 'today', 'number', 'about', 'overtake', 'sweden', 'response', 'so', 'bad', 'certainly', 'occupy', 'spot', 'instead', 'belgium', 'right']"
69,69,0.0,0.9974,"sweden, more, people, country, covid, death, make, say, so, here","['country', 'handily', 'occupy', 'spot', 'belgium', 'third', 'send', 'covid', 'patient', 'nursing', 'home', 'very', 'bad', 'idea', 'good', 'way', 'nitwit', 'exacerbate', 'crisis', 'clearly', 'intent', 'covid', 'death', 'covid', 'death', 'population', 'covid', 'death', 'covid', 'death', 'population', 'belgium', 'population', 'covid', 'death', 'covid', 'death', 'population']"
70,70,0.0,0.988,"sweden, more, people, country, covid, death, make, say, so, here","['mask', 'really', 'hot', 'look', 'more', 'beastly', 'usual', 'ppe']"
71,71,0.0,0.9809,"sweden, more, people, country, covid, death, make, say, so, here","['actual', 'military', 'issue', 'gas', 'mask']"
72,72,0.0,0.9687,"sweden, more, people, country, covid, death, make, say, so, here","['skyddsmask', 'military', 'model']"
73,73,0.0,0.9935,"sweden, more, people, country, covid, death, make, say, so, here","['chat', 'swede', 'all', 'so', 'confident', 'proud', 'sweden', 'so', 'special', 'so', 'forth', 'only', 'end', 'way', 'geez']"
74,74,0.0,0.9954,"sweden, more, people, country, covid, death, make, say, so, here","['people', 'feel', 'need', 'justify', 'decision', 'make', 'home', 'country', 'idc', 'nice', 'live', 'sweden', 'last', 'year', 'rarely', 'say', 'sweden', 'quite', 'boring', 'otherwise', 'lol']"
75,75,3.0,0.9812,"sweden, lockdown, just, so, other, say, people, mask, one, well","['national', 'exceptionalism', 'hell', 'toxic', 'drug']"
76,76,3.0,0.9766,"sweden, lockdown, just, so, other, say, people, mask, one, well","['very', 'simple', 'sweden', 'fuck']"
77,77,3.0,0.9894,"sweden, lockdown, just, so, other, say, people, mask, one, well","['australian', 'news', 'story', 'sweden', 'single', 'mention', 'entire', 'story', 'always']"
78,78,1.0,0.9104,"death, lockdown, sweden, delete, say, day, other, second_wave, know, high",['delete']
79,79,2.0,0.5806,"comment, remove, post, political, discussion, information, message, coronavirus, compose, moderator","['comment', 'remove', 'incivility', 'allow', 'sub', 'want', 'encourage', 'respectful', 'discussion', 'more', 'information', 'topic', 'political', 'policy', 'economic', 'post', 'comment', 'remove', 'ask', 'discussion', 'pertain', 'primarily', 'current', 'coronavirus', 'pandemic', 'off', 'topic', 'discussion', 'easily', 'come', 'dominate', 'online', 'discussion', 'therefore', 'remove', 'unrelated', 'post', 'comment', 'lock', 'comment', 'borderline', 'post', 'more', 'information', 'believe', 'make', 'mistake', 'message', 'moderator', 'message', 'compose', 'coronavirus', 'include', 'link', 'submission']"
80,80,3.0,0.9921,"sweden, lockdown, just, so, other, say, people, mask, one, well","['remember', 'people', 'use', 'example', 'shouldn', 'be', 'lockdown', 'shouldn', 'restriction', 'wear', 'mask', 'whoop']"
81,81,1.0,0.5178,"death, lockdown, sweden, delete, say, day, other, second_wave, know, high","['people', 'do', 'exactly', 'want', 'lowly', 'litter', 'picker', 'prime', 'minister', 'result', 'expect', 'just', 'farce', 'half', 'measure', 'new', 'law', 'come', 'shortly', 'hopefully', 'able', 'turn', 'thing', 'around', 'still', 'dope', 'elderly', 'let', 'die', 'moral', 'maybe', 'even', 'legal', 'don', 'know', 'fact', 'else', 'many', 'dying', 'wait', 'see', 'fuck', 'vaccination']"
82,82,0.0,0.9687,"sweden, more, people, country, covid, death, make, say, so, here","['obviously', 'so', 'unexpected']"
83,83,3.0,0.9956,"sweden, lockdown, just, so, other, say, people, mask, one, well","['friend', 'there', 'say', 'testing', 'widespread', 'so', 'even', 'number', 'give', 'win', 'reflect', 'actual', 'infection', 'just', 'institute', 'mask', 'public', 'transport', 'policy', 'past', 'couple', 'day']"
84,84,3.0,0.9139,"sweden, lockdown, just, so, other, say, people, mask, one, well",['true']
85,85,0.0,0.9893,"sweden, more, people, country, covid, death, make, say, so, here","['testing', 'widespread', 'easy', 'get', 'test', 'do', 'twice', 'big', 'city']"
86,86,3.0,0.9894,"sweden, lockdown, just, so, other, say, people, mask, one, well","['swedish', 'testing', 'capita', 'high', 'now', 'well', 'short', 'say', 'more']"
87,87,0.0,0.9963,"sweden, more, people, country, covid, death, make, say, so, here","['up', 'test', 'do', 'weekly', 'currently', 'translate', 'just', 'below', 'population', 'test', 'week', 'region', 'adult', 'symptom', 'get', 'test', 'afaik', 'last', 'report', 'positivity', 'rate', 'increase', 'last', 'week', 'slowly', 'example']"
88,88,1.0,0.9104,"death, lockdown, sweden, delete, say, day, other, second_wave, know, high",['delete']
89,89,3.0,0.9766,"sweden, lockdown, just, so, other, say, people, mask, one, well","['sweden', 'compare', 'scandinavian', 'peer']"
90,90,0.0,0.9429,"sweden, more, people, country, covid, death, make, say, so, here","['also', 'pursue', 'herd', 'immunity', 'only', 'find', 'virus', 'impossible', 'remove', 've', 'change', 'mind', 'people', 'get', 'use', 'ignore', 'rule', 'chaotic', 'leader']"
91,91,0.0,0.9954,"sweden, more, people, country, covid, death, make, say, so, here","['more', 'time', 'former', 'warning', 'very', 'little', 'other', 'hand', 'dabble', 'herd', 'immunity', 'plan', 'actually', 'fight', 'sweden', 'warning', 'somehow', 'decide', 'news', 'wasn', 'deadly']"
92,92,0.0,0.8716,"sweden, more, people, country, covid, death, make, say, so, here","['sweden', 'winter', 'peak', 'covid', 'death', 'winter', 'start', 'day', 'ago']"
93,93,0.0,0.9943,"sweden, more, people, country, covid, death, make, say, so, here","['yet', 'get', 'quite', 'close', 'unfortunately', 'reporting', 'delay', 'need', 'wait', 'few', 'more', 'week', 'infection', 'seem', 'peak', 'yet', 'either']"
94,94,0.0,0.9935,"sweden, more, people, country, covid, death, make, say, so, here","['solve', 'temporary', 'measure', 'simply', 'keep', 'people', 'homejailed', 'month', 'expect', 'obey', 'once', 'lift', 'case', 'soar', 'again']"
95,95,3.0,0.9962,"sweden, lockdown, just, so, other, say, people, mask, one, well","['thing', 'vaccine', 'now', 'buy', 'time', 'need', 'give', 'time', 'more', 'vaccine', 'produce', 'distribute', 'mean', 'now', 'know', 'sure', 'death', 'aren', 'just', 'delay', 'actually', 'prevent', 'just', 'buy', 'time']"
96,96,1.0,0.9901,"death, lockdown, sweden, delete, say, day, other, second_wave, know, high","['know', 'highly', 'rational', 'population', 'happen', 'circe', 'superiority', 'foolishness', 'too', 'much']"
97,97,3.0,0.9865,"sweden, lockdown, just, so, other, say, people, mask, one, well","['almost', 'still', 'lockdown', 'm', 'so', 'totally', 'surprised']"
98,98,1.0,0.9678,"death, lockdown, sweden, delete, say, day, other, second_wave, know, high","['love', 'freedom', 'safety']"
99,99,0.0,0.9809,"sweden, more, people, country, covid, death, make, say, so, here","['issue', 'here', 'freedom', 'die', 'guess']"
100,100,2.0,0.9983,"comment, remove, post, political, discussion, information, message, coronavirus, compose, moderator","['comment', 'remove', 'purely', 'political', 'post', 'comment', 'remove', 'political', 'discussion', 'easily', 'come', 'dominate', 'online', 'discussion', 'therefore', 'remove', 'political', 'post', 'comment', 'lock', 'comment', 'borderline', 'post', 'more', 'information', 'bot', 'action', 'perform', 'automatically', 'contact', 'moderator', 'subreddit', 'message', 'compose', 'coronavirus', 'question', 'concern']"
